Date,GC=F,JPM,TSLA,Portfolio_Rolling_Vol
2023-02-14,0.0011333148745895825,0.004409196822801057,0.07237801403011461,
2023-02-15,-0.0107370746218953,0.00418126458946436,0.023567198213512965,
2023-02-16,0.004243545311346955,-0.01386475462663561,-0.05863124321363247,
2023-02-17,-0.0008689852683103383,0.0029571182048800165,0.03056167870629532,
2023-02-18,0.0,0.0,0.0,
2023-02-19,0.0,0.0,0.0,
2023-02-20,0.0,0.0,0.0,
2023-02-21,-0.004028983707236791,-0.018519945489463396,-0.05394722804913013,
2023-02-22,-0.000545702605629464,-0.007692809047228872,0.017528035977254008,
2023-02-23,-0.0076712704966514795,0.00797928361366062,0.006006057267467722,
2023-02-24,-0.005073326778902653,0.008980800480048878,-0.02601977738759486,
2023-02-25,0.0,0.0,0.0,
2023-02-26,0.0,0.0,0.0,
2023-02-27,0.004523120437649741,0.008689995801997983,0.05316324215501689,
2023-02-28,0.006527917163400628,0.008335974220437001,-0.009290230436857878,
2023-03-01,0.004800056571569328,-0.005596208171026724,-0.014395089751065942,
2023-03-02,-0.0022880546197603423,-0.010436933083577567,-0.06032265409146769,
2023-03-03,0.007714887423290701,0.018193507315744407,0.035456129089512615,
2023-03-04,0.0,0.0,0.0,
2023-03-05,0.0,0.0,0.0,
2023-03-06,0.00010827646049621364,-0.00586428899584485,-0.02032754273314507,
2023-03-07,-0.0185706355718125,-0.02984889625205156,-0.03198003067013698,
2023-03-08,-0.0006618172911648265,-0.00593286569593574,-0.03089156736881823,
2023-03-09,0.009115987157307687,-0.05565714642424809,-0.05117763786639216,
2023-03-10,0.017717772147514535,0.025077981537682422,0.0030026831172517087,
2023-03-11,0.0,0.0,0.0,
2023-03-12,0.0,0.0,0.0,
2023-03-13,0.026341694156230083,-0.0181204298124142,0.005978365078895034,
2023-03-14,-0.0028811671051432153,0.02535205939328459,0.04909578215581386,
2023-03-15,0.010645072763326602,-0.04839652577572823,-0.015452165385496756,0.24068892166359862
2023-03-16,-0.003952561643725975,0.019227704609438366,0.020188342220549882,0.22986370625961963
2023-03-17,0.026127822516268665,-0.03851439959844897,-0.021963216854791676,0.23022306956498312
2023-03-18,0.0,0.0,0.0,0.22224010372671743
2023-03-19,0.0,0.0,0.0,0.21903219360919182
2023-03-20,0.004760658443617601,0.01051607708028196,0.01717250122413543,0.22220686982607918
2023-03-21,-0.021036184516874452,0.026467529498578855,0.07529223411697607,0.23733753190738757
2023-03-22,0.004530510589810312,-0.026152916657229103,-0.03308514667181837,0.2425205906279989
2023-03-23,0.023855366038062705,-0.002677046584561261,0.005582127533771847,0.23335870617695667
2023-03-24,-0.0058855136919060335,-0.015332929137339475,-0.009460894526444722,0.2348009213370251
2023-03-25,0.0,0.0,0.0,0.2346483273208089
2023-03-26,0.0,0.0,0.0,0.23386442224394796
2023-03-27,-0.01509747886904467,0.02825775594390599,0.007325624786097459,0.2348761311530981
2023-03-28,0.01019169021018235,0.003030425712737625,-0.013753472002494754,0.23487362645247
2023-03-29,-0.0031992150318795637,0.0020153418724816467,0.0244876221590413,0.22640261361933808
2023-03-30,0.007196500323830882,-0.003024442526724288,0.0071949836717746535,0.2266799165540665
2023-03-31,-0.005722573380642285,0.012043648036874584,0.060504162532241994,0.23596185468905104
2023-04-01,0.0,0.0,0.0,0.22437564306343974
2023-04-02,0.0,0.0,0.0,0.2165278470760956
2023-04-03,0.007538817015696076,-0.0011517532204394516,-0.06311918518816914,0.22346947692276983
2023-04-04,0.01912138685643545,-0.01345830557872828,-0.011307735857578445,0.2235010971693633
2023-04-05,-0.0006430347062673179,0.0014899916567552138,-0.03734894534323159,0.22482486286658795
2023-04-06,-0.004463407474970126,-0.001097663228447163,-0.002482632348555218,0.2108882272349327
2023-04-07,0.0,0.0,0.0,0.20746001391362895
2023-04-08,0.0,0.0,0.0,0.18218925504063757
2023-04-09,0.0,0.0,0.0,0.1775898782785577
2023-04-10,-0.011397298492928747,0.0032895723427321852,-0.0029764508462146334,0.17811833794352594
2023-04-11,0.007862066660321815,0.004913967451004314,0.012281322445656238,0.17934410314146804
2023-04-12,0.0030380656754726365,-0.0001557067244860397,-0.03403263254550459,0.18215665349364604
2023-04-13,0.015004488526765062,0.0038059624216248236,0.029256539212836878,0.17480510683773418
2023-04-14,-0.01934033210150383,0.07279474794011566,-0.004853036816821199,0.1716309084676828
2023-04-15,0.0,0.0,0.0,0.16894991997794895
2023-04-16,0.0,0.0,0.0,0.1646643423421649
2023-04-17,-0.004003608688523414,0.007897615103910972,0.010966636750077955,0.16485858068451434
2023-04-18,0.006597421632108531,0.01116549127666629,-0.01470335251106692,0.16478745017144483
2023-04-19,-0.006096093088757149,-0.0012738490351605852,-0.020389861131667346,0.16556220315858242
2023-04-20,0.006195695166983739,-0.0029072577549784815,-0.102540365251667,0.17555400343021152
2023-04-21,-0.014095679073772963,-0.0019196300165365496,0.012741333042302827,0.16762665919246603
2023-04-22,0.0,0.0,0.0,0.16536586668418507
2023-04-23,0.0,0.0,0.0,0.16279934110442623
2023-04-24,0.004837975290905304,0.0013511620949824747,-0.015444550452118741,0.16301118849508392
2023-04-25,0.0024604086846930075,-0.02198363472144062,-0.011633104865311444,0.16559980722647966
2023-04-26,-0.004171199318677286,-0.017882676104090812,-0.04402465397224694,0.17511521728562554
2023-04-27,0.0021129262655032468,0.013369002299560022,0.041032719267455574,0.18487216102633558
2023-04-28,0.00010047797590101929,0.008645439288197125,0.025394246651119615,0.1866454709633554
2023-04-29,0.0,0.0,0.0,0.18614767973383425
2023-04-30,0.0,0.0,0.0,0.1726662054807586
2023-05-01,-0.0033723203832883527,0.021186122199224906,-0.015208459761728233,0.1727601034452178
2023-05-02,0.015459208663897123,-0.016279123336403162,-0.009436987371174365,0.1727518835630012
2023-05-03,0.007074123181844181,-0.02139062295932723,0.001869644402715088,0.1651895115386012
2023-05-04,0.009517819252434986,-0.013772712579640585,0.0036667412660127767,0.16521214708118592
2023-05-05,-0.015054141436917398,0.0193465163303817,0.05350549046047228,0.17216103706718525
2023-05-06,0.0,0.0,0.0,0.172003023427793
2023-05-07,0.0,0.0,0.0,0.172003023427793
2023-05-08,0.00440192824598679,0.0024103745706622226,0.01012145995502574,0.17281584907669056
2023-05-09,0.004873807724603167,-0.004826573087614081,-0.015486902413259212,0.1734736613903475
2023-05-10,-0.002803233566718523,0.0005127443406375457,-0.003612788634512576,0.17323579735500497
2023-05-11,-0.007811791440417504,-0.0031556256138069723,0.020786425091438347,0.1717125706919923
2023-05-12,-9.925105453308255e-05,-0.014436641463742194,-0.024114596337054404,0.17314482739289347
2023-05-13,0.0,0.0,0.0,0.16609762747827422
2023-05-14,0.0,0.0,0.0,0.15809759687582145
2023-05-15,0.0017358962821522753,0.008391100011870623,-0.009750860107846383,0.15810753414733691
2023-05-16,-0.014776614414791786,-0.006751674075852207,0.0010214088288270423,0.15882969355961746
2023-05-17,-0.003880014587498261,0.030284163210581774,0.04313493317739194,0.17347852381735224
2023-05-18,-0.012293130260797066,0.007555279306706962,0.01727768584344739,0.17403873207011178
2023-05-19,0.011282876071055622,-0.0022965087916046456,0.018206255962432197,0.17448851550183148
2023-05-20,0.0,0.0,0.0,0.14415232937069644
2023-05-21,0.0,0.0,0.0,0.144061187611251
2023-05-22,-0.001972886611210169,-0.008296938053335902,0.0473245988875953,0.14782107388925836
2023-05-23,-0.001216064382496189,-0.0104874002015641,-0.016549549453013596,0.15100935554661638
2023-05-24,-0.004879037635297988,-0.009193601895302383,-0.015569850375931848,0.1538471452868951
2023-05-25,-0.010087426800028618,0.002435278208062351,0.008547333224801211,0.15021348874434082
2023-05-26,0.0005145091760760677,0.009317355811199966,0.04608376548838008,0.14184962383510166
2023-05-27,0.0,0.0,0.0,0.1331680484031892
2023-05-28,0.0,0.0,0.0,0.1301127287231801
2023-05-29,0.0,0.0,0.0,0.1301127287231801
2023-05-30,0.00712441162188995,0.003790185763100115,0.04053000876950061,0.13774006954747528
2023-05-31,0.0030087604621398334,-0.012812606483337916,0.013676132280176286,0.13771523180698553
2023-06-01,0.007153928630061794,0.013685282955022233,0.017450979367424006,0.1401280557577184
2023-06-02,-0.013026835665023308,0.020788289018277655,0.03060808282755737,0.14167404350198698
2023-06-03,0.0,0.0,0.0,0.14163526826947856
2023-06-04,0.0,0.0,0.0,0.13332458359770735
2023-06-05,0.0028641465728216076,-0.009872842983592605,0.016868648629117584,0.13313194420398156
2023-06-06,0.003823121771459306,0.0017959115012070915,0.01685994991971048,0.1336322436059849
2023-06-07,-0.011667932951336448,0.00964172457706061,0.014623072672155188,0.13343474842095593
2023-06-08,0.010700777840001093,0.00028441295890274974,0.044802099330861545,0.1387863002463806
2023-06-09,-0.0007132429056667042,0.001987591510170604,0.03981660778824774,0.14074757437924795
2023-06-10,0.0,0.0,0.0,0.14123591291240925
2023-06-11,0.0,0.0,0.0,0.13251757337058395
2023-06-12,-0.003522608540493114,-7.078155753735692e-05,0.02197449156261295,0.13192530806853134
2023-06-13,-0.005487371483662528,0.007207998820352787,0.03492701634188564,0.13294156607252341
2023-06-14,0.005487371483662586,-0.0037389175366603017,-0.007449046704933148,0.13372009587518882
2023-06-15,0.0012777594632126471,0.011244826253564995,-0.003471944208969137,0.12912761116463442
2023-06-16,0.0003064070167053769,0.001187206399699746,0.01796971375181672,0.11759626572245303
2023-06-17,0.0,0.0,0.0,0.11839309308270539
2023-06-18,0.0,0.0,0.0,0.11834362887412439
2023-06-19,0.0,0.0,0.0,0.11834362887412439
2023-06-20,-0.011762134766634989,-0.005108505762242523,0.05201270640767318,0.11950348788298998
2023-06-21,-0.0011372784228845022,-0.0014744463497740109,-0.05616662426467672,0.13639387365111594
2023-06-22,-0.01071258172670636,-0.019440268301842954,0.019654473293680905,0.13249621744367074
2023-06-23,0.0033404825344685927,-0.005243427050812284,-0.03073851253541729,0.1334235290688039
2023-06-24,0.0,0.0,0.0,0.13349429143325608
2023-06-25,0.0,0.0,0.0,0.12620559427908068
2023-06-26,0.0023940761271535643,0.0024456130726493116,-0.06251408245574486,0.1417389384077954
2023-06-27,-0.00505509651683476,7.181872396636193e-05,0.03729619858071868,0.14349886414780386
2023-06-28,-0.0008885614102553915,-0.0043919333490964685,0.023813875097039847,0.14353726167352482
2023-06-29,-0.0016224510460784893,0.03432717428972995,0.004905252914132209,0.1401956427544901
2023-06-30,0.0062136453694543944,0.013916579154472883,0.016446493545468958,0.14262356991607988
2023-07-01,0.0,0.0,0.0,0.1400373763314329
2023-07-02,0.0,0.0,0.0,0.1370413473367211
2023-07-03,0.00031225960354337316,0.008012372265365638,0.06668035183063045,0.15155110322888204
2023-07-04,0.0,0.0,0.0,0.15155110322888204
2023-07-05,-0.001093367263780315,-0.006684044304923764,0.009461225032650612,0.15175584822210508
2023-07-06,-0.0056944618118118595,-0.009935559733810858,-0.02125228365266279,0.157603357956451
2023-07-07,0.009126768323334932,0.007859250198546105,-0.007659314226953743,0.15753470556522312
2023-07-08,0.0,0.0,0.0,0.1500601379854856
2023-07-09,0.0,0.0,0.0,0.14587503170026903
2023-07-10,-0.0006231570554215221,0.005596160765520256,-0.01771977662648564,0.14675091805935078
2023-07-11,0.0032674088391857186,0.015518005541333861,0.0006674942605875906,0.1474627419722248
2023-07-12,0.012810414334619996,0.00493931794786578,0.008121354742896705,0.14831973312116795
2023-07-13,0.0015324108197861239,0.004848349929925113,0.021496049775542363,0.1467306294824295
2023-07-14,0.0004592781602337969,0.006027351644128705,0.012444771516691934,0.14701757730621468
2023-07-15,0.0,0.0,0.0,0.14705190939902954
2023-07-16,0.0,0.0,0.0,0.14639821414037954
2023-07-17,-0.003936082358076339,0.02381792149950099,0.03148434056863512,0.153193249920407
2023-07-18,0.012622280219577665,0.0018237832188927826,0.010141906463636843,0.15410001509070576
2023-07-19,0.0001517429045972916,0.003832412883721671,-0.00711596075110357,0.15426375316446309
2023-07-20,-0.004663169815610156,0.012242310852533822,-0.1024426640636013,0.1801096237610596
2023-07-21,-0.002034278228194697,-0.007714541245520925,-0.011015199637560409,0.1711651528882722
2023-07-22,0.0,0.0,0.0,0.1706260809496108
2023-07-23,0.0,0.0,0.0,0.16672496015480978
2023-07-24,-0.002038424953129538,0.019492393960298192,0.03417588510139714,0.17255851261731964
2023-07-25,0.0009177681383584213,-0.007496206250501734,-0.014148526638195588,0.1745007443758645
2023-07-26,0.003459707764402656,0.0059759730400773805,-0.003511861575139069,0.16244829190673019
2023-07-27,-0.012007399562659367,-0.011090553166313794,-0.03322998965193553,0.17205940360987412
2023-07-28,0.007680922504028945,0.005688240369005646,0.041105070589749985,0.17812540608872898
2023-07-29,0.0,0.0,0.0,0.17546841493108414
2023-07-30,0.0,0.0,0.0,0.17269811371960364
2023-07-31,0.005138771146053185,0.006669521618960025,0.0037087357528333273,0.17299948988968478
2023-08-01,-0.015238610077067491,-0.0049504100571467575,-0.02406922380883306,0.17929039802156002
2023-08-02,-0.0017018269642495524,-0.011389105679232658,-0.027021352113565888,0.16888339958399365
2023-08-03,-0.0027911448212779625,0.006094746801202962,0.020295602012260324,0.17051860879256409
2023-08-04,0.0039260178715701454,-0.0021129930527894257,-0.02127991218642005,0.17153989217509702
2023-08-05,0.0,0.0,0.0,0.167684094959829
2023-08-06,0.0,0.0,0.0,0.16745408027983602
2023-08-07,-0.0031499215966816637,0.004731854071095141,-0.009538785882980405,0.16764086283247187
2023-08-08,-0.00487351880894349,-0.005629691882820133,-0.00698396541730477,0.16848622310570102
2023-08-09,-0.004531822404694047,-0.013498336339806585,-0.030537632908455258,0.17442479949007073
2023-08-10,-0.0005222204866973095,-0.0014965928156839255,0.012922436522360333,0.17361199979385517
2023-08-11,-0.0007838424255554935,0.005778997104937728,-0.011024937980288016,0.171370703583784
2023-08-12,0.0,0.0,0.0,0.16858924204414336
2023-08-13,0.0,0.0,0.0,0.1670783244802855
2023-08-14,-0.0012031118637710577,0.0020697786298749144,-0.011981650600334395,0.16712001822664194
2023-08-15,-0.0042485053218492995,-0.02578676850825827,-0.028771606269163908,0.17486676742353133
2023-08-16,-0.0033696785716192438,-0.004252326766837554,-0.032103247149655095,0.1674716339351484
2023-08-17,-0.00634889183821112,-0.01044086787722855,-0.028687749322523545,0.16714284537413485
2023-08-18,0.0010609517869105895,0.0022846948038276835,-0.017161267109647226,0.16688776178183298
2023-08-19,0.0,0.0,0.0,0.14565217107649361
2023-08-20,0.0,0.0,0.0,0.14549952807859262
2023-08-21,0.0038101719353386674,0.0034177167455074213,0.07071456218373605,0.16788036748570823
2023-08-22,0.0016360008536025392,-0.02095666729664954,0.00822448994977978,0.16781868934797123
2023-08-23,0.011586265785144559,0.006740263859410659,0.015615669490355368,0.1626740535302272
2023-08-24,-0.0001564098483359136,-0.000950343035077432,-0.029216074210292504,0.16370032260236989
2023-08-25,-0.0037082411186101292,-0.001223370721727604,0.036493404628287436,0.16757461237755378
2023-08-26,0.0,0.0,0.0,0.16015732506953803
2023-08-27,0.0,0.0,0.0,0.14891867517684673
2023-08-28,0.003551870450310385,0.0034624832065107553,0.0009635784854130897,0.1494632961493911
2023-08-29,0.009651369784435556,0.008099117794989813,0.07406603958973092,0.1770507036846306
2023-08-30,0.004019820260445598,-0.004041359456273056,-0.001089320005828064,0.17606445671410692
2023-08-31,-0.003142358107314131,-0.012428414966389785,0.004582681990043304,0.17158161545407313
2023-09-01,0.0008252180232353599,0.003342930754921597,-0.051970558729417304,0.1733475234575389
2023-09-02,0.0,0.0,0.0,0.1713298938056745
2023-09-03,0.0,0.0,0.0,0.1706479601904274
2023-09-04,0.0,0.0,0.0,0.1706479601904274
2023-09-05,-0.007035775353867591,-0.01109521707494788,0.04579063580383233,0.17322233323801806
2023-09-06,-0.004214024777917188,-0.001654136393215324,-0.017978069897591802,0.1744009742516803
2023-09-07,-0.00031284575797763917,-0.008590739822561243,-0.0017083203640210316,0.17396837855380384
2023-09-08,0.00046926375810114266,0.0007650129955380808,-0.01196040362366727,0.16805149142872375
2023-09-09,0.0,0.0,0.0,0.1676151712968296
2023-09-10,0.0,0.0,0.0,0.16756550948824106
2023-09-11,0.0025509680494884674,0.0043704329862470585,0.09615118904304938,0.19567684273237781
2023-09-12,-0.006258821711373876,0.012929896108099009,-0.022549196320499374,0.1964295092743806
2023-09-13,-0.0011517503252713073,0.00047844996362564525,0.01418033641106544,0.19635252047303417
2023-09-14,0.0004713280283196849,0.01921177527781442,0.017320639037477315,0.18928037477491086
2023-09-15,0.00714714748905865,-0.0029524780078213956,-0.0059953082833390835,0.1840166227301975
2023-09-16,0.0,0.0,0.0,0.17666426231313148
2023-09-17,0.0,0.0,0.0,0.17550109564108127
2023-09-18,0.00404651357660179,0.0020810200494811126,-0.03376463807907184,0.17881997234431668
2023-09-19,0.00025883266612720474,-0.0012750619894129822,0.004588376260533905,0.17870365261661453
2023-09-20,0.007014664451038077,-0.004238980555276352,-0.014780377139554338,0.1652753657557702
2023-09-21,-0.01366199313993277,-0.007852858430986836,-0.026588996104119158,0.17244028205903736
2023-09-22,0.003225343940292486,-0.009628876350857374,-0.043236555785455495,0.1771032677220315
2023-09-23,0.0,0.0,0.0,0.1743503619132619
2023-09-24,0.0,0.0,0.0,0.17180804041310938
2023-09-25,-0.004580980852414335,0.0049284422827677345,0.008579557642105126,0.1719835076466811
2023-09-26,-0.008488367011878661,-0.010433091543590706,-0.011687984544271047,0.1746956856887959
2023-09-27,-0.015270736211994486,0.0058476788981478706,-0.014939798128788435,0.17607478670703489
2023-09-28,-0.00600213547461397,0.01233949627984384,0.0241549898062297,0.1533712731427408
2023-09-29,-0.006633460391607326,-0.017566243963921466,0.015465456415727708,0.15345599792148637
2023-09-30,0.0,0.0,0.0,0.15329043581055649
2023-10-01,0.0,0.0,0.0,0.14658595995396173
2023-10-02,-0.009842104245885759,-0.008656900141785056,0.005500013317317833,0.14700992303616475
2023-10-03,-0.0029551953045940734,-0.007400352349919787,-0.020356864105244107,0.149626418115671
2023-10-04,-0.0033487861038288733,0.004474597549534575,0.05764957536105983,0.1610215893934821
2023-10-05,-0.0010453767983574398,0.0042075225447966505,-0.0042593870629195184,0.15848717652531133
2023-10-06,0.007458615173471331,0.015278384344831888,0.0018441397469999051,0.15888224799937156
2023-10-07,0.0,0.0,0.0,0.15853902053918673
2023-10-08,0.0,0.0,0.0,0.15816431869011763
2023-10-09,0.010490108470351069,-0.0022769129284982144,-0.0033063672235030548,0.15821902218409004
2023-10-10,0.006198645369741984,0.006059954734001505,0.015097007960672728,0.16029431415366718
2023-10-11,0.0063206856067081355,0.0034273819069925732,-0.0023926822540326844,0.12447306108796419
2023-10-12,-0.0018706079095983437,-0.0023294466164434763,-0.015789985181823882,0.1249917315072544
2023-10-13,0.03060790174466398,0.014907954689758137,-0.030395093236742683,0.12519094767877925
2023-10-14,0.0,0.0,0.0,0.11911549645574694
2023-10-15,0.0,0.0,0.0,0.11914404912551096
2023-10-16,-0.003274031158004355,-0.0010141490411454484,0.011088356477393282,0.11948047510239337
2023-10-17,0.0008324968566679965,-0.0021666211894683673,0.003655911168542643,0.11955029417807231
2023-10-18,0.016813236521731816,-0.011041476713735565,-0.048931487841958825,0.12357166798728451
2023-10-19,0.006677383090401854,-0.004258413801404063,-0.09761624872658325,0.152032394293148
2023-10-20,0.007137632114181281,-0.016236704854858636,-0.037588294506417,0.15689624547417919
2023-10-21,0.0,0.0,0.0,0.15166867128218203
2023-10-22,0.0,0.0,0.0,0.1452895019278771
2023-10-23,-0.0031322401557761035,-0.013735094581624948,0.00042444095402800134,0.145695090927661
2023-10-24,-0.0006580360180047346,0.0012049632579976865,0.020719371046622158,0.14780189346611192
2023-10-25,0.004597000160347399,-0.005469417902273514,-0.019117503387764197,0.14798687032214494
2023-10-26,0.001561189672270813,0.0025609682858099957,-0.031855023921114264,0.14753226318083468
2023-10-27,0.0007042731011225338,-0.036683452831106245,0.00745661981088352,0.14811465731443338
2023-10-28,0.0,0.0,0.0,0.1439145666651644
2023-10-29,0.0,0.0,0.0,0.1440071239171293
2023-10-30,0.003814487522985484,0.012668987760434788,-0.04913755884950848,0.1461760188780751
2023-10-31,-0.0055257086747362814,0.011863488618688701,0.017479077618859314,0.14904273643761648
2023-11-01,-0.0032290150880346837,-0.0008632054093697046,0.023715784675123197,0.15090452155754483
2023-11-02,0.003430498125605901,0.017692002836201197,0.060607417331922916,0.1702689967192372
2023-11-03,0.0029670004669155115,0.011110588072739683,0.006613987223154421,0.16102824260927653
2023-11-04,0.0,0.0,0.0,0.1610411581753043
2023-11-05,0.0,0.0,0.0,0.15878617483383564
2023-11-06,-0.004983536766928077,0.007523944755882304,-0.003141875517400063,0.15877512129880553
2023-11-07,-0.007496705490809856,-0.0004860768670107426,0.013183964542986846,0.15895994241652306
2023-11-08,-0.007809573743291399,0.004918163900645529,-0.00031507378994064173,0.15875554534878217
2023-11-09,0.006486705243964605,-0.0029757167188456542,-0.05616048965858237,0.16254618424537712
2023-11-10,-0.016218778932181384,0.014722417350305873,0.021996498496030515,0.16408530162763024
2023-11-11,0.0,0.0,0.0,0.16353512896305294
2023-11-12,0.0,0.0,0.0,0.16238797667453514
2023-11-13,0.006652779492155402,-0.004448920683307862,0.04134183399945281,0.1691208194775657
2023-11-14,0.008343430595057662,0.01808221873802757,0.059438019477541446,0.19014095784374097
2023-11-15,-0.0008669641439556413,0.008719734022663992,0.02261415546906529,0.1924608771833439
2023-11-16,0.01206913677911117,0.011355121070776467,-0.03883534904080814,0.19298105696365084
2023-11-17,-0.001160029800050694,0.009005231610292659,0.003034932397664385,0.18859017311746823
2023-11-18,0.0,0.0,0.0,0.16240226644204536
2023-11-19,0.0,0.0,0.0,0.15440244656016586
2023-11-20,-0.0019700582161406464,0.0030706244151882584,0.005533119144943252,0.15430536638993622
2023-11-21,0.010862615061766792,-0.0020896510158201543,0.023490974516940342,0.15627671870716414
2023-11-22,-0.00395922248666503,0.002350563695283538,-0.029408274734311717,0.15898419209540124
2023-11-23,0.0,0.0,0.0,0.15838496876502475
2023-11-24,0.005408630384414501,0.00136878019624283,0.005280386261856706,0.15638986782155948
2023-11-25,0.0,0.0,0.0,0.15274417847335522
2023-11-26,0.0,0.0,0.0,0.14865496213640023
2023-11-27,0.004783316372955456,-0.0022820633314656644,0.0026721746625813217,0.14845016445490433
2023-11-28,0.013772846290545529,0.002282063331465728,0.04408335693193017,0.15618976497561335
2023-11-29,0.003621431258757891,0.005067314615162671,-0.010512266581044115,0.15065608253603288
2023-11-30,-0.004406156206906349,0.011340164892403031,-0.01676961998268328,0.15156871529171131
2023-12-01,0.016013593082084946,0.004857544297227612,-0.005220199323597404,0.1513907257979551
2023-12-02,0.0,0.0,0.0,0.1338598623165049
2023-12-03,0.0,0.0,0.0,0.13343035582340926
2023-12-04,-0.022906437155782847,0.007305656918063096,-0.01370144313218934,0.13787077317804994
2023-12-05,-0.002770483946805801,-0.00012659993473883118,0.013240755825754019,0.13778733458690873
2023-12-06,0.005927406833356961,-0.010563960974455564,0.002719129460769398,0.1378586269811504
2023-12-07,-0.00029552536040616107,0.0030660528010822592,0.013568409275163597,0.13818061078330854
2023-12-08,-0.01568969924387106,0.010973377423390048,0.004933396614923965,0.13798012385355923
2023-12-09,0.0,0.0,0.0,0.12477026468448742
2023-12-10,0.0,0.0,0.0,0.12446857005842478
2023-12-11,-0.01021061033941788,0.003652315292430272,-0.016957231787828677,0.12795397072272569
2023-12-12,-0.00010109265866683018,0.008885524437303982,-0.011452714531076777,0.12812529479466495
2023-12-13,0.0022726708042306704,0.0033584644839148906,0.009573866272891411,0.12317937416526854
2023-12-14,0.0238764749712153,0.01802842192868006,0.04797595720291628,0.12572296319396897
2023-12-15,-0.004492380744304254,0.007532992857589455,0.009711688394547188,0.12358529917088207
2023-12-16,0.0,0.0,0.0,0.12192499787750863
2023-12-17,0.0,0.0,0.0,0.1219790204159463
2023-12-18,0.00256958841333575,0.006034007070204546,-0.0056173183184346845,0.12187396446806228
2023-12-19,0.005953704386447858,0.013266388011098678,0.020185249870892544,0.1258851712928443
2023-12-20,-0.0019151099131709602,-0.01134326632008265,-0.0399767793773106,0.13881394407959158
2023-12-21,0.002258433605997511,0.005687764623522619,0.029345860784192233,0.13983805337030916
2023-12-22,0.008788749383462479,-0.0005972009827647425,-0.007731210565404946,0.13513541086097847
2023-12-23,0.0,0.0,0.0,0.13513541086097847
2023-12-24,0.0,0.0,0.0,0.13516041720279942
2023-12-25,0.0,0.0,0.0,0.13516041720279942
2023-12-26,0.0005345192470838028,0.005896445770938503,0.01598774007390915,0.13591381203577937
2023-12-27,0.011449100696166307,0.005980332108348806,0.018647455510860632,0.13879100662219532
2023-12-28,-0.0038500458433421737,0.005298685238023143,-0.032104151730159784,0.13340688999286926
2023-12-29,-0.0055605396969713086,-0.001175103535846912,-0.0187383270737913,0.1364738311780448
2023-12-30,0.0,0.0,0.0,0.13583476381359808
2023-12-31,0.0,0.0,0.0,0.13542501811965413
2024-01-01,0.0,0.0,0.0,0.13542501811965413
2024-01-02,0.0009692741355228508,0.011573135157312864,-0.00024148746074566403,0.13560542518565044
2024-01-03,-0.014736982781769346,-0.004368113412211502,-0.04096122279932548,0.14583613891177272
2024-01-04,0.0039740504436172235,0.0066143109344546985,-0.0021831499656647054,0.14575738020801038
2024-01-05,4.895124937695209e-05,0.005004646273037482,-0.0018509415250830851,0.1456674868533618
2024-01-06,0.0,0.0,0.0,0.14511800781742487
2024-01-07,0.0,0.0,0.0,0.14512193734143958
2024-01-08,-0.007766098913480351,-0.0014523576899232412,0.012386614576639058,0.14509465008449793
2024-01-09,-9.86682319452515e-05,-0.007937458544751254,-0.023096839566935645,0.14877274570339413
2024-01-10,-0.0023221142671955622,0.0021073076657811543,-0.004350632806278706,0.1467606672029746
2024-01-11,-0.0036669527431482853,-0.0042190654565933804,-0.029145966144498332,0.1516095709840496
2024-01-12,0.015956951403282443,-0.007367063493998379,-0.03734939877742937,0.15367420741069102
2024-01-13,0.0,0.0,0.0,0.12466310725050335
2024-01-14,0.0,0.0,0.0,0.12370430425838717
2024-01-15,0.0,0.0,0.0,0.12370430425838717
2024-01-16,-0.010165310319773104,-0.006289981006723923,0.004649070658851297,0.12390682086930953
2024-01-17,-0.011617081726109126,-0.0053720010151050174,-0.020025473044372716,0.1277276480294256
2024-01-18,0.007957865627687473,0.001973159020140919,-0.017172815629643214,0.11968409008428117
2024-01-19,0.0039059773581561485,0.017114713202186254,0.0014620115002590317,0.11350831563246928
2024-01-20,0.0,0.0,0.0,0.10578056198887488
2024-01-21,0.0,0.0,0.0,0.1057564176341872
2024-01-22,-0.003311646301174295,-0.0011749449882751824,-0.016105240597581734,0.10658591438543073
2024-01-23,0.0019289741822805175,-0.006605646506379932,0.0016270106278732431,0.10645501314217055
2024-01-24,-0.004854342213876016,0.008895680150846234,-0.006283434610725192,0.10634865840246614
2024-01-25,0.0014885385122534204,0.014209519181943433,-0.12925817170128795,0.14492787862377166
2024-01-26,-4.9570163444326434e-05,-0.0038238914207290252,0.003389065826718794,0.1376000551541295
2024-01-27,0.0,0.0,0.0,0.13680153711798107
2024-01-28,0.0,0.0,0.0,0.1364331587065009
2024-01-29,0.004156315901078261,0.002608641531910405,0.04105548959785763,0.14729685590743893
2024-01-30,0.003105999442300761,0.020287388619672077,0.0034508226289791306,0.15105786198212479
2024-01-31,0.008284516486208303,-0.010894930198690209,-0.022699471099276638,0.15177696234939125
2024-02-01,0.0022431851049437793,-0.003619766865882725,0.008347821172369478,0.15115367353020953
2024-02-02,-0.008265936631712335,0.005739467605530817,-0.005042858776994779,0.14220571036012733
2024-02-03,0.0,0.0,0.0,0.14155412721090074
2024-02-04,0.0,0.0,0.0,0.14135774359345438
2024-02-05,-0.005120905671782804,-0.0013171553796768975,-0.03713468972636411,0.1453560280886131
2024-02-06,0.004334792726306237,0.0034325544165389964,0.02206779799027196,0.14990410637788576
2024-02-07,0.0003439817122514089,0.001882799374174889,0.013309178288648946,0.15125538773199604
2024-02-08,-0.0014751441294395143,-0.0035975582198452534,0.010500153377802503,0.1498531294992946
2024-02-09,-0.004389060106493958,0.0012005943582132296,0.020933657774970457,0.15163662101731412
2024-02-10,0.0,0.0,0.0,0.148391770944087
2024-02-11,0.0,0.0,0.0,0.1463996612188914
2024-02-12,-0.002523865081532603,0.004447031916764453,-0.02850600281752684,0.14805967109289625
2024-02-13,-0.012615124246704407,-0.008741712940907915,-0.02208876860591097,0.15274153936301574
2024-02-14,-0.0013054709316034623,0.010105943012953974,0.025167010147113134,0.15741067409436443
2024-02-15,0.005911211825203883,0.021579986170655457,0.06035334314528131,0.180681607239348
2024-02-16,0.004684094906416618,-0.004681109229734302,-0.0024975038337594173,0.1771188331262115
2024-02-17,0.0,0.0,0.0,0.17697326557757662
2024-02-18,0.0,0.0,0.0,0.17556562728890654
2024-02-19,0.0,0.0,0.0,0.17556562728890654
2024-02-20,0.007922794599725029,0.0039025331164838297,-0.031447068575791895,0.1765255661317656
2024-02-21,-0.002568005317217988,0.006488470513379034,0.005199145723306659,0.17570893560464743
2024-02-22,-0.0012865403339371805,0.011924446585169293,0.013463405650618309,0.17723907614837223
2024-02-23,0.009314324420003009,0.005012793262084983,-0.027943686650054752,0.17775987773286558
2024-02-24,0.0,0.0,0.0,0.13662673193589817
2024-02-25,0.0,0.0,0.0,0.13661189488745565
2024-02-26,-0.004966682111913847,-0.003429983561059966,0.037973710740030475,0.13872679600921506
2024-02-27,0.0027076939620032797,0.000490668920098109,0.0016536061675660274,0.13863421243920665
2024-02-28,-0.0004917629801586159,0.005056773565711544,0.011499231283567918,0.13247643447578025
2024-02-29,0.006227470697706523,0.009070265710150903,-0.0007921787106965236,0.13096682394366987
2024-03-01,0.019939659139843434,-0.004146981097336131,0.0037575170226514664,0.12849441649724244
2024-03-02,0.0,0.0,0.0,0.12858193414344804
2024-03-03,0.0,0.0,0.0,0.12807213613800142
2024-03-04,0.014650906546489963,0.007473609693916348,-0.07424463938175002,0.13953710056087482
2024-03-05,0.007433252615668022,0.009967387210209965,-0.040126798433230214,0.14180511813686597
2024-03-06,0.00784356635087546,0.005184075886719729,-0.023512123304642838,0.1347875536374996
2024-03-07,0.0035744768391498196,-0.008797057339717342,0.01188110874296599,0.13231914679068704
2024-03-08,0.009500646655496024,0.001861224418627744,-0.018701625030085045,0.13209347758173776
2024-03-09,0.0,0.0,0.0,0.13207609499352962
2024-03-10,0.0,0.0,0.0,0.13116708364514734
2024-03-11,0.001788495240181465,0.00037184646393188835,0.013763678693560029,0.13188051277110352
2024-03-12,-0.010177664197878154,0.008198272922410047,-0.0012947061441473569,0.13196933796218646
2024-03-13,0.006919166252700285,0.008079426591708946,-0.04646099727496628,0.1330698993321703
2024-03-14,-0.0057163638155206895,-0.017978577887065576,-0.042056898779332184,0.1418561818938653
2024-03-15,-0.0026386845425951824,0.012319345134272953,0.006563076277915342,0.13889485844528543
2024-03-16,0.0,0.0,0.0,0.10807764716130737
2024-03-17,0.0,0.0,0.0,0.10810262598102685
2024-03-18,0.0015747582428707817,0.012325273240130257,0.060664152342604714,0.1311882341204943
2024-03-19,-0.0020384080923120792,0.00584788431785817,-0.014372034891457558,0.1315968124325862
2024-03-20,0.0007416687251718953,0.01302204250013964,0.025017133837829976,0.1368790995418786
2024-03-21,0.01128966261576579,0.013809351779448505,-0.016299696542812377,0.1354716809498466
2024-03-22,-0.011196893703511956,-0.012333446117022128,-0.01158171211632812,0.13990880565998057
2024-03-23,0.0,0.0,0.0,0.13791872274629763
2024-03-24,0.0,0.0,0.0,0.13726858214086865
2024-03-25,0.00770847852509448,-0.009196702781031815,0.010481683435756076,0.1375292086937138
2024-03-26,0.0003678047123048936,0.0046599882258601824,0.0287772826285837,0.14123300819726714
2024-03-27,0.006870990033479146,0.019178385823423093,0.012084083617363902,0.14309623859780463
2024-03-28,0.012159770828042574,0.003901721466833495,-0.02272190773999231,0.14330170851124352
2024-03-29,0.0,0.0,0.0,0.14256936798544984
2024-03-30,0.0,0.0,0.0,0.14193146801771642
2024-03-31,0.0,0.0,0.0,0.14065309420601418
2024-04-01,0.008576849575533693,-0.006812955646493939,-0.0032477284143495326,0.1406591798810655
2024-04-02,0.010895049405066982,-0.00040207463362252103,-0.05026651935105258,0.1457685990886456
2024-04-03,0.014664135564459967,-0.002820102319453996,0.010447544054431742,0.13835474747114007
2024-04-04,-0.002443644773025144,-0.007637730769001338,0.016083269202606634,0.13637052364975805
2024-04-05,0.015993363911782323,0.00915825347958694,-0.03696743555877544,0.13649367530357195
2024-04-06,0.0,0.0,0.0,0.13642104673719105
2024-04-07,0.0,0.0,0.0,0.13613665681289566
2024-04-08,0.002576546332762105,0.005202975519016404,0.04783676362708771,0.14564958003046244
2024-04-09,0.005047944048811655,-0.00672349822960208,0.022295607975213145,0.14649340685041773
2024-04-10,-0.005948917440644637,-0.008558080803398477,-0.02937344256551801,0.1532149957555951
2024-04-11,0.010759197967561912,-0.00020465531773402327,0.016399556773736196,0.15489487608731056
2024-04-12,0.0005943121990892287,-0.06686427486197706,-0.020541749097701737,0.17488874601673077
2024-04-13,0.0,0.0,0.0,0.1614482235587457
2024-04-14,0.0,0.0,0.0,0.1610037501861499
2024-04-15,0.00406612066202905,0.0005470112373296737,-0.05757465973833702,0.16992877208869492
2024-04-16,0.010511806622644015,-0.0114934395192828,-0.02743506868222295,0.17237367712738527
2024-04-17,-0.00802108139040866,-0.00399032703783779,-0.01062208397137564,0.15697774043885526
2024-04-18,0.004459451082454631,0.006476034153289321,-0.036155647217109545,0.15832217729950124
2024-04-19,0.006735379565596977,0.024793588812802844,-0.01939578390268632,0.15352700679490516
2024-04-20,0.0,0.0,0.0,0.15305070944004665
2024-04-21,0.0,0.0,0.0,0.14996268675175767
2024-04-22,-0.02798980048135961,0.019243136237652007,-0.0345935559693179,0.15484389338135854
2024-04-23,-0.001931372558694458,0.014310294351336857,0.018345226676437152,0.15852910076059676
2024-04-24,-0.0013756724603899396,0.004880323366262135,0.11387415621830609,0.19679821668214606
2024-04-25,0.0022774857931127522,0.0015008777877993315,0.04845814470471284,0.2006215474012377
2024-04-26,0.0021438073190774686,0.0006205413120238025,-0.011168015552988686,0.19723251250898413
2024-04-27,0.0,0.0,0.0,0.19715012287205225
2024-04-28,0.0,0.0,0.0,0.19715012287205225
2024-04-29,0.004529666146779777,-0.0010860362716766283,0.14242723171122051,0.2427407663840077
2024-04-30,-0.02329297954868033,-0.007999520163281239,-0.05710084205665045,0.258703057870883
2024-05-01,0.0037026594091494527,0.0006255672425601951,-0.018113707174260838,0.25910001327404064
2024-05-02,-0.0003043861623244103,-0.0010430499091333395,0.00011105007606901516,0.2559269559571392
2024-05-03,-8.696932457233537e-05,-0.006018305893839547,0.006533843535574036,0.2551316888760586
2024-05-04,0.0,0.0,0.0,0.25509234312641105
2024-05-05,0.0,0.0,0.0,0.2547668405084858
2024-05-06,0.00978239943094232,0.007790703738874652,0.019511437908751133,0.2570560610406437
2024-05-07,-0.002760589407145369,-0.001302886617908804,-0.03834210509362041,0.26074001175905026
2024-05-08,-0.0006912606128823438,0.02013476738713782,-0.017530851194269642,0.2550553136498593
2024-05-09,0.007964395898361993,0.009411409217143693,-0.015864649448707812,0.25420110587268385
2024-05-10,0.01498089474872309,0.006409813427659785,-0.020562350450525728,0.25057010962179876
2024-05-11,0.0,0.0,0.0,0.24916634999773069
2024-05-12,0.0,0.0,0.0,0.23375276455709892
2024-05-13,-0.013267171767020015,-0.00020133692727079458,0.020097034145307512,0.2337735730661816
2024-05-14,0.007378135479851928,0.013891925766545358,0.03239754278801776,0.23887680594830407
2024-05-15,0.014888214910604233,0.0029730867122118266,-0.020254418706909572,0.23203935914101562
2024-05-16,-0.0036487767790969396,0.001779540208918119,0.004873391179277019,0.22949301493375968
2024-05-17,0.013438686241467436,0.011393380523426673,0.01487402019069651,0.22957449325812745
2024-05-18,0.0,0.0,0.0,0.22719740220500587
2024-05-19,0.0,0.0,0.0,0.22739513113284224
2024-05-20,0.008955695038778591,-0.046015542224052866,-0.014245067870223688,0.23478997921559702
2024-05-21,-0.005025116242057949,0.019945078623352312,0.06446711975223281,0.24450670793774593
2024-05-22,-0.01351119128257647,-0.006083040073333796,-0.035399542384592496,0.2472346068558413
2024-05-23,-0.02294667031813439,-0.007034006929470583,-0.036007818288810785,0.25696454610568115
2024-05-24,-0.0010712373814988035,0.019063666338681468,0.03116576011599187,0.2362983447635507
2024-05-25,0.0,0.0,0.0,0.23150319274305461
2024-05-26,0.0,0.0,0.0,0.2312453947087646
2024-05-27,0.0,0.0,0.0,0.2312453947087646
2024-05-28,0.0096849750810076,-0.006046944002137882,-0.013989415788236143,0.2316035295042031
2024-05-29,-0.0063464816760843545,-0.006991823146659064,-0.0031733327174769638,0.1828483676300017
2024-05-30,0.001110289464388048,0.0061392924026086645,0.014648923152829736,0.16274754351816373
2024-05-31,-0.00857307357068379,0.016419942774212368,-0.003978997402597566,0.16206944865403763
2024-06-01,0.0,0.0,0.0,0.16205150928217837
2024-06-02,0.0,0.0,0.0,0.16205563658750735
2024-06-03,0.010151150585457774,-0.004005471996569802,-0.010102569596006488,0.16214368910146792
2024-06-04,-0.009032443941432378,-0.013267569930027532,-0.008659479988969872,0.16518565024185475
2024-06-05,0.012223460620860391,-0.009585916656496444,0.0013151256990527008,0.16118442266135546
2024-06-06,0.00685801971176186,-0.0017759991748314055,0.016660454613497404,0.15691807664355786
2024-06-07,-0.027849130615993235,0.015320677500494548,-0.0025885260992180074,0.15775535216167552
2024-06-08,0.0,0.0,0.0,0.1577585439120533
2024-06-09,0.0,0.0,0.0,0.1577618265787539
2024-06-10,0.0010839169709689002,-0.0017017879455082173,-0.02101026729322036,0.15927695903397693
2024-06-11,-8.664897474244984e-05,-0.02665347232651081,-0.01817434057762428,0.16516757448167116
2024-06-12,0.012275377571110555,-0.014667652019987541,0.03811347747393242,0.16884433807921262
2024-06-13,-0.015444010517410593,0.011059597561950482,0.028799010597446485,0.16206224340725242
2024-06-14,0.013472849167638714,0.0006194488999484234,-0.024746085007725318,0.16231845974842088
2024-06-15,0.0,0.0,0.0,0.16226478761438914
2024-06-16,0.0,0.0,0.0,0.15696492570207973
2024-06-17,-0.008182999621581656,0.006173394421035417,0.051619109593938894,0.16495573719097367
2024-06-18,0.007753980763100305,0.010306789939523876,-0.013860022086213543,0.16503565984152818
2024-06-19,0.0,0.0,0.0,0.15721867747990412
2024-06-20,0.009991179448078678,0.008441442894882271,-0.017957490517488288,0.13611913216859006
2024-06-21,-0.016016849994939065,-0.01200097907607878,0.00789947152070122,0.12686529862320348
2024-06-22,0.0,0.0,0.0,0.10889074960782646
2024-06-23,0.0,0.0,0.0,0.09785405863556854
2024-06-24,0.005854053366742159,0.01305756633570551,-0.002352322975826024,0.09919790098962072
2024-06-25,-0.0057676319065113404,-0.004081231416084586,0.02579011465212662,0.10034420641307891
2024-06-26,-0.0075394205654809275,-0.0032364027144122735,0.047022052078928164,0.10601305187158268
2024-06-27,0.010943747042885628,0.008774693492738666,0.005332819818052439,0.10753240400333121
2024-06-28,0.0013756724603899051,0.015395259456773008,0.0023273813203096337,0.10673193995365321
2024-06-29,0.0,0.0,0.0,0.10534953514292782
2024-06-30,0.0,0.0,0.0,0.10540810414404567
2024-07-01,-4.2898852745440194e-05,0.015648610907990294,0.0587798336030084,0.12557576005375512
2024-07-02,-0.0019782819678747557,0.016317856318743208,0.09710195030947966,0.1614589523755134
2024-07-03,0.01571743658704651,-0.0006705486932291002,0.06337304899541417,0.17386056578698278
2024-07-04,0.0,0.0,0.0,0.16889691021660397
2024-07-05,0.012088663472560882,-0.013339080772708484,0.02060688228437289,0.16871220312379487
2024-07-06,0.0,0.0,0.0,0.169057031576351
2024-07-07,0.0,0.0,0.0,0.16722599507047822
2024-07-08,-0.01403992502750996,0.0018537598982345377,0.005629789876539415,0.16786662467136784
2024-07-09,0.002078403578812869,0.011918801583367007,0.0364508858978897,0.170975905413916
2024-07-10,0.00511374163037859,0.0008185792849487884,0.0035389720904070512,0.1670951170531936
2024-07-11,0.017881513074975274,-0.0016858805143143908,-0.08822077208547265,0.17835566567678898
2024-07-12,-0.0004141644291962591,-0.01217299518138851,0.029434316513726,0.17720599739791837
2024-07-13,0.0,0.0,0.0,0.1774903811420908
2024-07-14,0.0,0.0,0.0,0.17635988548833917
2024-07-15,0.0036800068503831792,0.024628224406120294,0.017609829570940913,0.17833445807209178
2024-07-16,0.016171314917783012,0.016853109228612904,0.015396997777534508,0.1803101497199003
2024-07-17,-0.00309113301982428,0.015099407224263001,-0.03191970033228875,0.18084244797932136
2024-07-18,-0.0012228428297097356,-0.03228582540662663,0.002933302220995548,0.1859197989471215
2024-07-19,-0.02323049125293214,-0.0009529239088090976,-0.04107613843938718,0.20075027787942554
2024-07-20,0.0,0.0,0.0,0.20077665232605024
2024-07-21,0.0,0.0,0.0,0.19862052629876756
2024-07-22,-0.0014621412526544951,0.0023806842029742334,0.05018271902171053,0.20164213007458695
2024-07-23,0.005253774082549602,0.00023774950846364092,-0.020607648987956702,0.20318890304996262
2024-07-24,0.0036115155414233003,-0.008307183615711623,-0.1316429436033912,0.24948682982356835
2024-07-25,-0.025771655108934748,0.00038345330053999617,0.01953112906763447,0.24975158858114263
2024-07-26,0.011877017079959726,0.016963698086492153,-0.0020452089625195087,0.24887834030852035
2024-07-27,0.0,0.0,0.0,0.24834915740778318
2024-07-28,0.0,0.0,0.0,0.2481115475875159
2024-07-29,-0.0011350772219737724,-0.006570643209205995,0.054450283723543685,0.2511060004281704
2024-07-30,0.011584493096314897,0.02037426777383278,-0.04170207944562903,0.2515663676659621
2024-07-31,0.008899986305409351,-0.01116858161287652,0.04157282172336867,0.24471895501088353
2024-08-01,0.0034968666714193194,-0.02300688688965119,-0.0677870949965208,0.2373242211643544
2024-08-02,-0.003826634135013617,-0.04333781194716213,-0.043301714320780456,0.23915848484887717
2024-08-03,0.0,0.0,0.0,0.23915848484887717
2024-08-04,0.0,0.0,0.0,0.237892408334484
2024-08-05,-0.00994332279261066,-0.0215215313987876,-0.04324862022379944,0.24661962702200296
2024-08-06,-0.005260032745343863,0.027529270595220874,0.008810602088580683,0.24956074822321272
2024-08-07,0.0005857822224360302,0.00029952411571844726,-0.0452676929224409,0.25197563998838507
2024-08-08,0.013173648862206806,0.0180986680284536,0.036255901329012616,0.25640171880047263
2024-08-09,0.0040789238864625725,0.008490893839911874,0.0058169037389324395,0.25716367054666067
2024-08-10,0.0,0.0,0.0,0.24932067495707702
2024-08-11,0.0,0.0,0.0,0.24834302992435459
2024-08-12,0.012381322610815695,0.001893094175652775,-0.01262938858524463,0.24839168155292435
2024-08-13,0.0017447607257966857,0.008451715807387784,0.051032468678537876,0.2568978313618703
2024-08-14,-0.011129137775200023,0.011000063128686075,-0.03152675190710158,0.2530375778401083
2024-08-15,0.005600503269123787,0.006211705178709082,0.061436309145650216,0.259373923733699
2024-08-16,0.01837804343675201,0.011374420064584523,0.00920378250292453,0.262643921368729
2024-08-17,0.0,0.0,0.0,0.2613724821972853
2024-08-18,0.0,0.0,0.0,0.2539819370140842
2024-08-19,0.0012798782157230325,0.006892886956461751,0.0300815962441386,0.25684635326839106
2024-08-20,0.0037900744796478744,-0.0043258092484684905,-0.007300267158314843,0.2569566200152966
2024-08-21,-0.0011555060403106994,0.0003728554250796882,0.00976670507756732,0.25199502673203605
2024-08-22,-0.011830186756921601,0.009414909735381437,-0.05813634375381778,0.25807870656888293
2024-08-23,0.011830186756921704,0.007725301165083564,0.0448355914315171,0.22937539569658855
2024-08-24,0.0,0.0,0.0,0.2292152269672984
2024-08-25,0.0,0.0,0.0,0.22806320646041045
2024-08-26,0.003700706198852698,0.003931606573227878,-0.032803441227522996,0.22964934542529522
2024-08-27,-0.0006754281156969496,0.004597629814894347,-0.018939062709292416,0.23022878647747674
2024-08-28,-0.005979686942712076,0.005028798943057072,-0.01667672472989858,0.22636269941558235
2024-08-29,0.009827580801596993,0.004148814819596624,0.0025726237078790366,0.22677499788678124
2024-08-30,-0.012710561536922458,0.011588216913297146,0.03725544123667223,0.22626663704355227
2024-08-31,0.0,0.0,0.0,0.20876771067626232
2024-09-01,0.0,0.0,0.0,0.18681701614531104
2024-09-02,0.0,0.0,0.0,0.18681701614531104
2024-09-03,-0.0015651613535240963,-0.020220828437261557,-0.01652927582030035,0.19160717578840625
2024-09-04,0.0014046919562063706,-0.004412872731868319,0.040981513663141275,0.1768719833486592
2024-09-05,0.0071931259247034075,-0.007780986025256202,0.04787601603580388,0.179546279365129
2024-09-06,-0.007152981683501989,-0.02404274199749775,-0.08824048544582787,0.21267638174797995
2024-09-07,0.0,0.0,0.0,0.20378682832255143
2024-09-08,0.0,0.0,0.0,0.20332877266560342
2024-09-09,0.0033231463116611603,0.020267624406403336,0.025949973905266994,0.20805177719365706
2024-09-10,0.004188195346663044,-0.05328334040912826,0.044759273955983725,0.20820025746104553
2024-09-11,-7.959205722123827e-05,0.008091235232806384,0.008628742512625562,0.2084609563554725
2024-09-12,0.015444721969289848,-0.0030445733165728184,0.007337206636805016,0.2015167062185141
2024-09-13,0.011729349341314652,-0.011097221062393702,0.002086485160728214,0.19831261511520729
2024-09-14,0.0,0.0,0.0,0.18638474677901382
2024-09-15,0.0,0.0,0.0,0.18288803193639205
2024-09-16,-0.0003487790851909712,0.01717742944778268,-0.0153589759450266,0.18288063262351756
2024-09-17,-0.00625883189495714,0.0066649211307496506,0.004794890315022082,0.18290262092610138
2024-09-18,0.00249266043134922,-0.008253862749139983,-0.0029445960609886415,0.17948173980710755
2024-09-19,0.006707160271705417,0.014114779556414976,0.07100962175825201,0.19978780484572786
2024-09-20,0.01225073519220459,0.002893866293620895,-0.023519752638904136,0.20004346882212704
2024-09-21,0.0,0.0,0.0,0.18973924790569138
2024-09-22,0.0,0.0,0.0,0.18026738568943826
2024-09-23,0.002516049581020544,0.0016566846377389962,0.048140375327935025,0.18642396184546606
2024-09-24,0.009360187860914403,0.0007092428047388413,0.016935793509053217,0.18759126594051276
2024-09-25,0.003012958044237874,-0.00663846949605628,0.010757148762662677,0.18505719311705823
2024-09-26,0.004015674633472966,-0.0019526675159243436,-0.010953821465680538,0.1844581091171726
2024-09-27,-0.00963458348443632,0.0034263594956708927,0.024249227064234113,0.18309964551297953
2024-09-28,0.0,0.0,0.0,0.1830560218422725
2024-09-29,0.0,0.0,0.0,0.1809147178473103
2024-09-30,-0.0031058092325682647,0.0017086752762836084,0.004482044837533062,0.18083561887630673
2024-10-01,0.01176615388576509,-0.018282363142909534,-0.013894251852425751,0.18259921242795002
2024-10-02,-0.007602005078805537,0.0012067655889894998,-0.03550382703625739,0.18826448168910276
2024-10-03,0.003770601213994833,-0.009987460031543017,-0.03414806745440706,0.1887225107650677
2024-10-04,-0.004261843753354774,0.034878359197334244,0.03839570976808356,0.19630724874093833
2024-10-05,0.0,0.0,0.0,0.19180263514341198
2024-10-06,0.0,0.0,0.0,0.14731024498627868
2024-10-07,-0.00037802895454220627,-0.001374076607726348,-0.03768957599969925,0.15407159128467132
2024-10-08,-0.011331369029670978,-0.0008536490598589939,0.015124010919583781,0.15398028091045332
2024-10-09,-0.0034476188142327953,0.012589437823630695,-0.014210915403026646,0.1481616929167364
2024-10-10,0.0055868577505378105,-0.0027214366279362232,-0.009503630132407265,0.14831319743895946
2024-10-11,0.014020160169731887,0.04344217662735842,-0.09192353886888893,0.15245901311082555
2024-10-12,0.0,0.0,0.0,0.15154086100112732
2024-10-13,0.0,0.0,0.0,0.1515549211238382
2024-10-14,-0.0036943716604866234,-0.003650453020048012,0.006224848869363441,0.15157394978737349
2024-10-15,0.0051231384715043505,0.004100220007996582,0.0018690482583790414,0.1518050300728214
2024-10-16,0.004723215245810717,0.0056051203370045015,0.007983687088569507,0.15256923547057907
2024-10-17,0.006337393065017404,0.0034816373969657802,-0.0019899714413276278,0.15262663044843927
2024-10-18,0.00840012761358353,0.004224214988692084,-0.0008605378505268966,0.15237788956346895
2024-10-19,0.0,0.0,0.0,0.12440806132657561
2024-10-20,0.0,0.0,0.0,0.12407901772344677
2024-10-21,0.0034579737223619676,-0.010571688836086151,-0.008417707909120924,0.12510382360347905
2024-10-22,0.007718602631013913,0.005009784455576512,-0.0040291472851928115,0.1253529753610229
2024-10-23,-0.01091867720094922,-0.003172948938926557,-0.02001831071853799,0.11867693736820654
2024-10-24,0.007523937915991553,0.007002783536905356,0.19818699146920754,0.23813946713757783
2024-10-25,0.002191461563702766,-0.01193868626449004,0.032891334056112616,0.23883839613417948
2024-10-26,0.0,0.0,0.0,0.23850690154671608
2024-10-27,0.0,0.0,0.0,0.2381852171342419
2024-10-28,0.00072942126259476,0.014247377190250108,-0.02512824530239814,0.238564513743607
2024-10-29,0.009253781457162933,-0.011596986778187624,-0.01145548515134625,0.23915848593395045
2024-10-30,0.007234316137240295,0.0067515828425355135,-0.007619899978935549,0.23917373129504665
2024-10-31,-0.01816650912342701,-0.011157764216936768,-0.030353066395916374,0.24589833602223776
2024-11-01,0.0001095688511384859,0.004585648168926854,-0.0034882074251497285,0.24190795991031463
2024-11-02,0.0,0.0,0.0,0.23790969698382072
2024-11-03,0.0,0.0,0.0,0.22919269258924524
2024-11-04,-0.0009132920834320161,-0.014275631223810845,-0.02496977961188871,0.232920168845488
2024-11-05,0.0015338367843668287,0.007750494718208005,0.034801627017114346,0.23651893163529097
2024-11-06,-0.02688819289182318,0.10925371644117395,0.13759466024737685,0.31227941273498394
2024-11-07,0.011479740190580862,-0.04419053596892606,0.028630012464395397,0.31254048489503217
2024-11-08,-0.004047575121093911,0.0025351658953407267,0.07869717552417867,0.3184162856912619
2024-11-09,0.0,0.0,0.0,0.31806348725232214
2024-11-10,0.0,0.0,0.0,0.31468609254347685
2024-11-11,-0.0288015263656269,0.009700314621778816,0.08580690404849912,0.3181025395523718
2024-11-12,-0.00429842206071789,0.0011276957287704047,-0.06342678815128278,0.3280283686506733
2024-11-13,-0.00741199771886598,0.0066567852923523525,0.005313266949669512,0.3277970358355348
2024-11-14,-0.004894201906120731,0.0029397546240906773,-0.059448133931949705,0.3361460191904533
2024-11-15,-0.0009739185590534587,0.014122389357397715,0.030196972790488486,0.33737888486820194
2024-11-16,0.0,0.0,0.0,0.33760338958357144
2024-11-17,0.0,0.0,0.0,0.33786333863650087
2024-11-18,0.017348790536743833,-0.0011421293978667716,0.054664350493325395,0.34205779373680206
2024-11-19,0.006300496006653572,-0.007948898533657817,0.02120595242401374,0.3417084496204657
2024-11-20,0.007999532098494133,-0.009548146852259886,-0.01154032611298051,0.341495955270336
2024-11-21,0.008984571185138249,0.016394474102664112,-0.007012172684276001,0.341410140268899
2024-11-22,0.014046981134497769,0.015366006437418261,0.0373345373484672,0.3407833443479488
2024-11-23,0.0,0.0,0.0,0.2815768749747713
2024-11-24,0.0,0.0,0.0,0.2816678878491162
2024-11-25,-0.03495948190340738,0.0069761950694436446,-0.04043088853449338,0.29212090601287266
2024-11-26,0.001336617767776714,-0.0012794251979431487,-0.001063755153845317,0.2921559672064504
2024-11-27,0.007452166991228204,-0.0007203418515072188,-0.015914020837727676,0.2920928503819202
2024-11-28,0.0,0.0,0.0,0.29130814301798713
2024-11-29,0.006456666117155565,-0.000280196527954176,0.03619593916712737,0.29288602663137175
2024-11-30,0.0,0.0,0.0,0.2843929884990919
2024-12-01,0.0,0.0,0.0,0.28444657220886854
2024-12-02,-0.008352473231234763,-0.013993030702454287,0.03397975234247804,0.2841289831728195
2024-12-03,0.003712425318383127,-0.005823930026731549,-0.016005713052796626,0.2855295441845774
2024-12-04,0.003434974654697664,-0.005817147510062456,0.018355288553428408,0.2804597008640994
2024-12-05,-0.010302322170881693,0.008509193189251897,0.03178623389945424,0.2793923151842751
2024-12-06,0.004558239129528256,0.007629365940206772,0.05202108959673976,0.19751179280953976
2024-12-07,0.0,0.0,0.0,0.1972770051087444
2024-12-08,0.0,0.0,0.0,0.18556302130524654
2024-12-09,0.00991798633808684,-0.01445554413010905,0.0014634148953150045,0.18570218142555123
2024-12-10,0.012196028210303023,-0.003904037566874018,0.028328310501358537,0.18770669924372088
2024-12-11,0.013330075570755336,0.0027550058310367924,0.0576113551148347,0.18991412681668504
2024-12-12,-0.017081207143532985,-0.00824654700516839,-0.01582716714006912,0.18160008204228403
2024-12-13,-0.011790161839593786,-0.006604738790089274,0.04244899941747966,0.18207258443304208
2024-12-14,0.0,0.0,0.0,0.16791428264805114
2024-12-15,0.0,0.0,0.0,0.16533181822883067
2024-12-16,-0.0017334660635325901,-0.0015015587831270518,0.05960057359180242,0.17070053280459974
2024-12-17,-0.00264360600282425,-0.005105197151201232,0.035724138195772255,0.17085458131856376
2024-12-18,-0.0029918795594432402,-0.03409555616316725,-0.08642421525210743,0.20715849112685805
2024-12-19,-0.01694536281780769,0.011180179452247255,-0.009038042516689774,0.20780618386463937
2024-12-20,0.01398249166131256,0.01972181677937955,-0.0352567708528249,0.20708839579331126
2024-12-21,0.0,0.0,0.0,0.20680991553414185
2024-12-22,0.0,0.0,0.0,0.19761246487481945
2024-12-23,-0.006258330803749558,0.0033194332434688554,0.02240426356053564,0.19818282057649253
2024-12-24,0.00294323974486273,0.016309855956460697,0.07099116636191981,0.21487555734454222
2024-12-25,0.0,0.0,0.0,0.20141779472416652
2024-12-26,0.007149969097485895,0.0034195064942357466,-0.017787254049436575,0.20181484811738468
2024-12-27,-0.008219261513672152,-0.008135277919417202,-0.05074526160258332,0.21426254297787015
2024-12-28,0.0,0.0,0.0,0.21426254297787015
2024-12-29,0.0,0.0,0.0,0.2114390264550845
2024-12-30,-0.004250136932791706,-0.007700503842049958,-0.03356928885086787,0.21713896584946318
2024-12-31,0.008824710411780469,0.001628172980485759,-0.03305021011916344,0.21866039688217706
2025-01-01,0.0,0.0,0.0,0.2185323590395725
2025-01-02,0.011232867866452192,0.001209137082675995,-0.06274403546918701,0.22370473823517112
2025-01-03,-0.005241401391997348,0.01357407417574794,0.07895504556688626,0.23813166380087591
2025-01-04,0.0,0.0,0.0,0.2367827893691129
2025-01-05,0.0,0.0,0.0,0.2288642740537858
2025-01-06,-0.0024984295005021796,-0.004887309604220639,0.0014850709586745647,0.2289675046118932
2025-01-07,0.006912096917743294,0.00958641827180705,-0.04145067133894495,0.230347960268933
2025-01-08,0.0029316900271960217,-0.00016452235288434166,0.0014697002488740785,0.2303538463941332
2025-01-09,0.007217296123672955,0.0,0.0,0.2276391470948725
2025-01-10,0.009161257237443541,-0.013499130575200956,-0.00050656522430214,0.21524102657258376
2025-01-11,0.0,0.0,0.0,0.21185890132340457
2025-01-12,0.0,0.0,0.0,0.21030277285981486
2025-01-13,-0.013006500709167285,0.017931442081299556,0.021478195369560783,0.2121467309599865
2025-01-14,0.001495047933117684,0.013260812589878728,-0.017382638722844804,0.2121423404047406
2025-01-15,0.012987195526811112,0.01952772879323023,0.07731423282838396,0.2316665400383626
2025-01-16,0.012420208736854522,0.007579688768976585,-0.03420597069137606,0.230338972885988
2025-01-17,-0.000764876477197021,0.019048940257768016,0.030181252561434033,0.2002267435064626
2025-01-18,0.0,0.0,0.0,0.1993659748429733
2025-01-19,0.0,0.0,0.0,0.19932326709160306
2025-01-20,0.0,0.0,0.0,0.19932326709160306
2025-01-21,0.003891391478642485,0.014822382568248783,-0.005713813715474756,0.19940850658191456
2025-01-22,0.004563111323176753,-0.0007225143718601453,-0.02135504315494337,0.2000825657687263
2025-01-23,-0.0016272807543716752,0.011762853615994842,-0.006598243859181292,0.1806418277893921
2025-01-24,0.005125977145751084,-0.004182608253967017,-0.014164587635274254,0.18118021753109978
2025-01-25,0.0,0.0,0.0,0.18100595695496516
2025-01-26,0.0,0.0,0.0,0.16773909344593854
2025-01-27,-0.014434155176814617,0.0038065224129491325,-0.023466650856007368,0.17157225145161076
2025-01-28,0.010646340249542608,0.0048405797908096255,0.0023640734639690623,0.17222278255581344
2025-01-29,0.000830957531606674,-0.0020986687410653767,-0.02284170549807513,0.16761105396586942
2025-01-30,0.019277756347583747,0.006170570044108871,0.028327903495885404,0.17232604874162255
2025-01-31,-0.0037263817408137866,-0.0034732062585075578,0.010734640646320742,0.1722411415106715
2025-02-01,0.0,0.0,0.0,0.1629380865111883
2025-02-02,0.0,0.0,0.0,0.14233786106488122
2025-02-03,0.007580052840268373,-0.001834862900110335,-0.05309008706919777,0.15099094983677902
2025-02-04,0.006822415916365941,0.004226413843041787,0.021988536096152256,0.1536436253254676
2025-02-05,0.006393163440626415,0.009250219066266599,-0.03645352337012321,0.15527546917752205
2025-02-06,-0.005447355250461389,0.02364312778258997,-0.010232799351092567,0.15260226240412364
2025-02-07,0.00394879297438717,-0.00398051371300101,-0.03451714290429049,0.15731767311268618
2025-02-08,0.0,0.0,0.0,0.15731682583697623
2025-02-09,0.0,0.0,0.0,0.15713915859203414
2025-02-10,0.016258833046568513,-0.01740947130528478,-0.03057719520938892,0.16079398336748618
2025-02-11,-0.0006178516064746903,0.014468214385586493,-0.06547989008634725,0.16911280787839433
2025-02-12,-0.0012024393787544148,0.0016714563714618333,0.024091057420887543,0.16885311889246704
2025-02-13,0.005792712774394366,0.003153337501080217,0.05613428883532556,0.17984213984986355
2025-02-14,-0.014562544873085503,0.000976809389925282,-0.00028100285016493403,0.14531989481779475
2025-02-15,0.0,0.0,0.0,0.14472743133513943
2025-02-16,0.0,0.0,0.0,0.1361844217805961
2025-02-17,0.0,0.0,0.0,0.1361844217805961
2025-02-18,0.01650883496677148,0.012074719682705022,-0.004873623368530301,0.13846447513441726
2025-02-19,-0.004170300117599673,-0.002503608659849525,0.018050813649058695,0.1390128453113833
2025-02-20,0.0070314990870447855,-0.04560817369276126,-0.01723217010242546,0.147908740050863
2025-02-21,-0.0008166266630073181,-0.009641464257324464,-0.04797223327197698,0.156714041096645
2025-02-22,0.0,0.0,0.0,0.15657159669018242
2025-02-23,0.0,0.0,0.0,0.15640783462959645
2025-02-24,0.003500064634192458,-0.01103567606128839,-0.021756545199510743,0.1581655315495455
2025-02-25,-0.01483176087132524,-0.015190906949499101,-0.08762494178787733,0.19161699991765577
2025-02-26,0.0042258832321174136,0.005385645316256866,-0.04043677756749929,0.1912339145377668
2025-02-27,-0.011586370186078948,0.0010041716634261735,-0.030905910133740465,0.19172995591000658
2025-02-28,-0.016224097946286358,0.021387072869857585,0.03837459125197188,0.19833936804326532
2025-03-01,0.0,0.0,0.0,0.1884929735934519
2025-03-02,0.0,0.0,0.0,0.18826624277896278
2025-03-03,0.01864901343751476,-0.015344827215252635,-0.028844050845269347,0.18846772638779505
2025-03-04,0.00668996126638687,-0.04060292058796101,-0.045311188236941684,0.19898455683619823
2025-03-05,0.001957098953760298,0.005101812486024935,0.025621016692865903,0.20115920949219795
2025-03-06,0.0004458405723709752,-0.020037962781029834,-0.05770651942025788,0.20569529268823064
2025-03-07,-0.004088489842890409,-0.017430181788756913,-0.0029651004058366417,0.2058207551858541
2025-03-08,0.0,0.0,0.0,0.20508938151109837
2025-03-09,0.0,0.0,0.0,0.20473862537881046
2025-03-10,-0.004727634903135915,-0.04240880325778514,-0.167545740677576,0.28089938613903137
2025-03-11,0.007546651957820141,-0.013352016349662921,0.037245079838722016,0.2848586610843592
2025-03-12,0.008954330271122598,-0.005426314730501198,0.07319368705023727,0.29967011339783606
2025-03-13,0.015261784579635519,-0.011962373498226618,-0.030323348875332203,0.29786509268703826
2025-03-14,0.003412042879592822,0.031687551437194546,0.037912677650069934,0.3077822716792764
2025-03-15,0.0,0.0,0.0,0.29777369467149795
2025-03-16,0.0,0.0,0.0,0.2982053178537497
2025-03-17,0.0018350159457296321,0.006389823700883702,-0.049068231054900005,0.2986588348478159
2025-03-18,0.011632116405335577,0.004435989051468157,-0.0548354456344354,0.2987925566879095
2025-03-19,0.00026348367390129166,0.01746581593798688,0.045761190368065634,0.3088108727018655
2025-03-20,0.001349626670783865,-0.0004183753399747473,0.0016944590202751025,0.3068026155555231
2025-03-21,-0.007196904393713174,0.010902218173841904,0.051354715813140585,0.3136062089976799
2025-03-22,0.0,0.0,0.0,0.3114092226577621
2025-03-23,0.0,0.0,0.0,0.30850499619649147
2025-03-24,-0.0016911295043418105,0.026263117596537624,0.11273547481030481,0.34063042373375224
2025-03-25,0.0035117493782604987,0.012300082700148662,0.034423463077927825,0.3451552683913802
2025-03-26,-0.0009264629905246514,-0.0003983463747850796,-0.05742390273973801,0.34823123049770793
2025-03-27,0.012925489441903849,-0.011659960939669173,0.003925268964187849,0.3303116457440632
2025-03-28,0.008557505502098309,-0.021468453901837145,-0.035704833212183235,0.3322044834957416
2025-03-29,0.0,0.0,0.0,0.3300363965064717
2025-03-30,0.0,0.0,0.0,0.326884859322274
2025-03-31,0.01169228804819296,0.01003797847332681,-0.016797411271064034,0.3269717784249573
2025-04-01,-0.0012497066576345498,-0.0067081081943229206,0.03525624951763979,0.32830813331175585
2025-04-02,0.006710576935193882,0.008825718429451134,0.05189662060946535,0.33424372805116065
2025-04-03,-0.013757020186500003,-0.07223218249545858,-0.05630172235818194,0.3537674151306519
2025-04-04,-0.02782959105341858,-0.07778681572685915,-0.11003572551557192,0.407815089737237
2025-04-05,0.0,0.0,0.0,0.40225976356809273
2025-04-06,0.0,0.0,0.0,0.40194006683676803
2025-04-07,-0.02035854214521939,0.019590044385917466,-0.02597878190231111,0.40235953151368087
2025-04-08,0.0057772864227977104,0.011268053355503566,-0.050235731001905815,0.40305618436367446
2025-04-09,0.02924741627141751,0.07747496067686607,0.20449058000160122,0.4594474602532185
2025-04-10,0.03178139946409088,-0.03133851952254282,-0.07552202857803939,0.465933619155236
2025-04-11,0.0210124709703548,0.039244340731231606,-0.0003566259450701537,0.46373216522225746
2025-04-12,0.0,0.0,0.0,0.46266261796063046
2025-04-13,0.0,0.0,0.0,0.4577920807694199
2025-04-14,-0.00541463975573675,-0.00628553338218753,0.00015855643290671638,0.4580128150267678
2025-04-15,0.004327834993182707,-0.006797044721379791,0.006950209565496565,0.4580039241989956
2025-04-16,0.03297325457193712,-0.015214021368339308,-0.05069074290399683,0.45733167156218335
2025-04-17,-0.005395442489893157,0.010182745118394206,-0.0007454979855451015,0.45537564081110893
2025-04-18,0.0,0.0,0.0,0.4516101442309511
2025-04-19,0.0,0.0,0.0,0.4516184192777856
2025-04-20,0.0,0.0,0.0,0.44858246130051016
2025-04-21,0.029041937846947277,-0.012886617567918559,-0.05918076725792799,0.45058787212387486
2025-04-22,-0.0015865736672474797,0.028414574566273765,0.04499438204493094,0.45597914715580534
2025-04-23,-0.03729596062718759,0.022205936204368833,0.05227194715975201,0.43713505900130295
2025-04-24,0.016857972511505684,0.015488824937232764,0.03437870754426389,0.439303210174752
2025-04-25,-0.01499789191023496,-0.004465475995550378,0.09351849398026,0.4411556353853121
2025-04-26,0.0,0.0,0.0,0.44116500564222877
2025-04-27,0.0,0.0,0.0,0.43812730815924256
2025-04-28,0.015147940676365497,-0.0013558211861663387,0.0032583903115033577,0.4382507939188584
2025-04-29,-0.004119486550149282,0.005739559742317946,0.021284373105168935,0.438530658498671
2025-04-30,-0.004166813216927875,0.0,-0.03438223363024816,0.44066698371338936
2025-05-01,-0.02916553616172506,0.00923693744117453,-0.005829314402079844,0.44103674521799674
2025-05-02,0.006799232227835648,0.022507897633452217,0.02356864125337387,0.4392059615235924
2025-05-03,0.0,0.0,0.0,0.4147192070926974
2025-05-04,0.0,0.0,0.0,0.35006049446157744
2025-05-05,0.024270706904035648,0.00019794712351570043,-0.024495847170982712,0.35006158405661614
2025-05-06,0.029781859324395553,-0.0131923821077173,-0.01767474071206643,0.35010659430213603
2025-05-07,-0.008832939557882192,0.0005615232112926244,0.0031546161942166075,0.3482662752091602
2025-05-08,-0.025398132101867026,0.0162275831955526,0.030659773437438274,0.3449212444986669
2025-05-09,0.011700918988177024,-0.001539843283052152,0.046108194570086934,0.18655193830896402
2025-05-10,0.0,0.0,0.0,0.16715881705526453
2025-05-11,0.0,0.0,0.0,0.1601174199346968
2025-05-12,-0.03521122337030222,0.027168161699919074,0.06528003118679684,0.1664251743075203
2025-05-13,0.006284573623097743,0.011318387913446516,0.04810492051681205,0.1741819248218301
2025-05-14,-0.018344612393290653,0.009949904385902708,0.0399319216619113,0.1732608345266301
2025-05-15,0.012277391287757004,0.0069399812391618965,-0.01407694599861275,0.17322495385188116
2025-05-16,-0.012088782158285714,0.00026182939991583167,0.020670491941373468,0.16674110536501183
2025-05-17,0.0,0.0,0.0,0.16706585105876517
2025-05-18,0.0,0.0,0.0,0.16706585105876517
2025-05-19,0.014631561796196542,-0.010066971259293109,-0.02280219175263177,0.16964483801082472
2025-05-20,0.015793404801633753,0.003015578093067183,0.005044436283555748,0.169141027219682
2025-05-21,0.008801804902702907,-0.017618895362962097,-0.027122740878422213,0.16687575730888304
2025-05-22,-0.005150277910234424,-0.0014183259240486297,0.019004252475032086,0.15737883577633488
2025-05-23,0.021425434503964738,0.0001534038804218348,-0.004997253689502847,0.15573502771472705
2025-05-24,0.0,0.0,0.0,0.146845702224393
2025-05-25,0.0,0.0,0.0,0.133112162621491
2025-05-26,0.0,0.0,0.0,0.133112162621491
2025-05-27,-0.019362124406121534,0.017414910105956128,0.06709725458197968,0.1433870108767099
2025-05-28,-0.0016685124798728683,-0.0068082338440963695,-0.016644185010272462,0.14742250655085337
2025-05-29,0.007109715550713264,0.0033341624366739955,0.0042777491260106125,0.1469245261491023
2025-05-30,-0.008537804000789136,-0.0014003310499555897,-0.03396601533337422,0.14869236792265914
2025-05-31,0.0,0.0,0.0,0.1448750848468003
2025-06-01,0.0,0.0,0.0,0.13866731754393727
2025-06-02,0.02453766635895122,0.002496777865060702,-0.010941091649071494,0.138606863740006
2025-06-03,-0.006070768059979941,0.0060647451509794476,0.004599945784019605,0.1383944121977535
2025-06-04,0.006930750112583484,-0.007728727076617474,-0.03614067809813415,0.14515027122546867
2025-06-05,-0.006781516425104247,-0.008628354609592442,-0.15384948606327908,0.22437391722501265
2025-06-06,-0.008391573926159246,0.014327120541650924,0.0360138325066553,0.2274836602171847
2025-06-07,0.0,0.0,0.0,0.22681113563626268
2025-06-08,0.0,0.0,0.0,0.2204833282048663
2025-06-09,0.0028250744326858415,0.0037935924443136637,0.04453121583281344,0.22570197739449174
2025-06-10,-0.003366964044300687,0.006949029246050469,0.05519232015438431,0.23203813689117445
2025-06-11,0.000120486130438958,-0.001676836702532606,0.0010421025390305668,0.22607117132208832
2025-06-12,0.01778563010253441,0.00033550004506997073,-0.022679683166052338,0.21723823562224118
2025-06-13,0.014768122634469274,-0.012340823103255794,0.019242741328905938,0.21608517082841175
2025-06-14,0.0,0.0,0.0,0.21602912581190756
2025-06-15,0.0,0.0,0.0,0.2158502248618842
2025-06-16,-0.010194021599707037,0.020213165399794446,0.01167425797647222,0.21688942439206918
2025-06-17,-0.0028895213050230267,-0.00311178199180327,-0.03960360944657592,0.22141328110257047
2025-06-18,0.0009444399210661637,0.016339422797218933,0.017857560202303197,0.22340828288228326
2025-06-19,0.0,0.0,0.0,0.22221006267509086
2025-06-20,-0.0064221208610746846,0.0037891363751231324,0.00034155282181088666,0.21932372445371992
2025-06-21,0.0,0.0,0.0,0.21902974840552908
2025-06-22,0.0,0.0,0.0,0.21844986081697365
2025-06-23,0.0028461738938607515,0.011820639747773226,0.07910624722725408,0.23645492763796538
2025-06-24,-0.018013675886811464,0.010687745392099447,-0.023827555571310416,0.23876833165750286
2025-06-25,0.0029197688926843124,0.009905901246431398,-0.03868634165630777,0.24029838010146867
2025-06-26,0.0019217200310753606,0.016375711630226823,-0.005418374727754274,0.23205662428934448
2025-06-27,-0.018101974273062114,-0.0056958331051923895,-0.006621400161764133,0.2326566983461802
2025-06-28,0.0,0.0,0.0,0.23215467407204726
2025-06-29,0.0,0.0,0.0,0.22817823154309624
2025-06-30,0.006303198845365553,0.009705148136329689,-0.01861926308527601,0.2281962667313533
2025-07-01,0.012758252337171075,0.0017232205887608197,-0.0548353231730864,0.23155021619776509
2025-07-02,0.003380872641776682,0.005460112374910887,0.04848766871497916,0.2378413087626715
2025-07-03,-0.004910454236063616,0.01841166651680508,-0.0009508330128998894,0.23810364758119928
2025-07-04,0.0002700746795615175,0.0,0.0,0.23513805483833305
2025-07-05,0.0,0.0,0.0,0.16159420115838993
2025-07-06,0.0,0.0,0.0,0.15799150924841598
2025-07-07,-9.004121131513318e-05,-0.013708397173952527,-0.07030747928005848,0.18041089244539207
2025-07-08,-0.007591297859755788,-0.03198182331541268,0.013080017887538436,0.1826742673141612
2025-07-09,0.0013900517720019155,0.0013430129080140264,-0.006501707849529535,0.17610325747998462
2025-07-10,0.0017498283805606845,0.017607763863277472,0.046198855706690405,0.178375683108602
2025-07-11,0.011568474452741711,-0.004625711542265798,0.01167844971117151,0.17919863442369519
2025-07-12,0.0,0.0,0.0,0.17910616110205205
2025-07-13,0.0,0.0,0.0,0.17797700713188203
2025-07-14,-0.0013417817890844313,0.006393797986785051,0.01075495879659973,0.17855931068826292
2025-07-15,-0.006495750023279325,-0.007474990971364248,-0.019500985006087518,0.18170673820821318
2025-07-16,0.006794079381100563,-0.0025507977292539142,0.03444095462458378,0.18436472352576488
2025-07-17,-0.0037055602760010316,0.014173776973460785,-0.007050661595447646,0.1784347352441186
2025-07-18,0.003854691586396078,0.004714599189166175,0.031555911584314186,0.17937880097260653
2025-07-19,0.0,0.0,0.0,0.17937880097260653
2025-07-20,0.0,0.0,0.0,0.1793319260749108
2025-07-21,0.01447860287732854,-0.0010305126921203863,-0.003525100711992725,0.17944427584587122
2025-07-22,0.010904801640990577,0.001579671453716853,0.010959828902223289,0.1804892572991363
2025-07-23,-0.013200213092493647,0.018123898371302433,0.001354092368731555,0.15659090945214754
2025-07-24,-0.006829222657993172,-0.0007079724238398548,-0.08552542784602506,0.17868543484678556
2025-07-25,-0.011036651923321424,0.006956182538524889,0.03463720149934859,0.1794711714710097
2025-07-26,0.0,0.0,0.0,0.17905851145115442
2025-07-27,0.0,0.0,0.0,0.17641582664534955
2025-07-28,-0.0074965057238816635,-0.0011392782700704518,0.029706848621968117,0.17743858470360793
2025-07-29,0.0043120472958143976,-0.004165816758149268,-0.013574889801361277,0.17805734795797049
2025-07-30,-0.008339380490785232,0.008681545193628824,-0.006747506520358081,0.17818054098026342
2025-07-31,-0.0007892237945701002,-0.011378478472744698,-0.03434052685502853,0.17966660206329826
2025-08-01,0.01641380667687466,-0.023463684851549708,-0.018465033347039538,0.17236174282070482
2025-08-02,0.0,0.0,0.0,0.17179607933849117
2025-08-03,0.0,0.0,0.0,0.17179288215987745
2025-08-04,0.007943973509988255,0.01675756149555348,0.02167142527004271,0.17803598753924774
2025-08-05,0.0022201510582657955,-0.009869882449559168,-0.0017476574412364776,0.1782454270952467
2025-08-06,-0.0005619433653809127,-6.861605697721192e-05,0.03560499649944306,0.16073932924345238
2025-08-07,0.005987967888747476,-0.015252164250633804,0.007349951735303974,0.1580836138091927
2025-08-08,0.01134616025997749,0.006322896284708751,0.02264179762598033,0.16167491802306116
2025-08-09,0.0,0.0,0.0,0.15016364631715517
2025-08-10,0.0,0.0,0.0,0.1494084632557452
2025-08-11,-0.025324517441945554,0.002766590912823606,0.028057128395424267,0.14940665850061846
2025-08-12,-0.0012534156557426127,0.011297964288397912,0.005324552775796538,0.14985653440561136
2025-08-13,0.002922075262479989,-0.007953773317748112,-0.004292710283261014,0.14981510991871075
2025-08-14,-0.007021346864233285,0.012417123034800354,-0.011260099884090402,0.14572127287915568
2025-08-15,0.0002398515522892742,-0.012554756673781732,-0.015072159502432781,0.1442857906737913
2025-08-16,0.0,0.0,0.0,0.14427478471471933
2025-08-17,0.0,0.0,0.0,0.13892293964875876
2025-08-18,-0.0012898149154139478,0.0035738117987512657,0.013819862125930686,0.13980994025313098
2025-08-19,-0.005507846531911064,-0.0029887346621862666,-0.017608491717904292,0.14213200771009574
2025-08-20,0.009013401028552843,0.005421121544446232,-0.016564741620176276,0.14175506479375857
2025-08-21,-0.0019460210593331287,-0.0026382418505536158,-0.011770166368817137,0.1403629447337957
2025-08-22,0.011175298783647576,0.01623278475350772,0.0603104166993377,0.16501498203424797
2025-08-23,0.0,0.0,0.0,0.13602156305612462
2025-08-24,0.0,0.0,0.0,0.13334922895033802
2025-08-25,-0.00017778178523024962,-0.004533573189060587,0.019196337227210383,0.133813197409201
2025-08-26,0.004377165544111227,0.012368166231321837,0.01452187916170169,0.1365069194772588
2025-08-27,0.0047106015210283785,0.0023751014745021404,-0.005903612812939926,0.13546710182708932
2025-08-28,0.007957432015570034,0.005963224227808068,-0.010408659566889222,0.13441591654603738
2025-08-29,0.012135375150160638,0.0011619412073398132,-0.0356293206445078,0.13647083575935076
2025-08-30,0.0,0.0,0.0,0.12710239694774333
2025-08-31,0.0,0.0,0.0,0.1235248175720893
2025-09-01,0.0,0.0,0.0,0.1235248175720893
2025-09-02,0.02155825335719171,-0.005722726855101009,-0.01360034804236362,0.12344117535741848
2025-09-03,0.012264609179004047,-0.0006341708480386723,0.014259073808795026,0.11844854050686103
2025-09-04,-0.007654710471889562,0.014287649511531083,0.01320230431684188,0.11832308593781891
2025-09-05,0.013205346467745164,-0.03156396994737913,0.035717557533237444,0.11537883892177578
2025-09-06,0.0,0.0,0.0,0.11527251785269509
2025-09-07,0.0,0.0,0.0,0.11004962385914327
2025-09-08,0.00686780141163577,-0.0050060914253720855,-0.0127361095766315,0.11096375315512846
2025-09-09,0.0014282835584511465,0.01672457160322388,0.0016441653277190816,0.11191839251989368
2025-09-10,8.235294082891736e-05,0.008990899023943533,0.0023605495234688204,0.11210791394130051
2025-09-11,-0.001840587103648067,0.01656526074291643,0.05868272574299215,0.12996077901301847
2025-09-12,0.0034311001737597525,0.004408377439967973,0.07098109112687583,0.1462793556163038
2025-09-13,0.0,0.0,0.0,0.1457844874486573
2025-09-14,0.0,0.0,0.0,0.14134957756304084
2025-09-15,0.008947642619622902,0.006463012422805816,0.03499204596495332,0.14592998398720566
2025-09-16,0.0018178977764950366,0.0009383470630705387,0.027849686096646824,0.14638915601819924
2025-09-17,-0.0019265078645296421,0.008245674470656807,0.010006196509857018,0.14639305516025428
2025-09-18,-0.01040214079746196,0.004736231066200473,-0.021384159862326838,0.14664283924686528
2025-09-19,0.007600662414640123,0.00493616893928477,0.021877209710827492,0.1471268738757866
2025-09-20,0.0,0.0,0.0,0.14461703858717923
2025-09-21,0.0,0.0,0.0,0.1258001325430288
2025-09-22,0.018672448725779663,-0.007461582071451814,0.01892459915165659,0.12630985567326905
2025-09-23,0.010610006389506373,0.0009597327399795506,-0.019441082441463448,0.12733853608628795
2025-09-24,-0.01291164894810577,0.002172081898695239,0.03900845039857305,0.12817688839722652
2025-09-25,0.001285260502940439,9.572434540793457e-05,-0.04480186162620923,0.13813665377952053
2025-09-26,0.010223498096000606,0.008292064056929917,0.03938961629749567,0.14491986847938845
2025-09-27,0.0,0.0,0.0,0.14518041925730163
2025-09-28,0.0,0.0,0.0,0.14151306414237613
2025-09-29,0.012006108728818521,-0.001171220794491666,0.006360288086303643,0.14089269360695406
2025-09-30,0.005194719543134664,-0.0008239918853830585,0.0034011943142930328,0.14033748261682075
2025-10-01,0.006927612517481628,-0.015076737138863313,0.03260699487618123,0.13989959920388048
2025-10-02,-0.0072140776340165556,-0.010222408318983953,-0.052409624917241146,0.16195883191320168
2025-10-03,0.010647104699776156,0.00803146015883459,-0.014252492909231236,0.16161510931227988
2025-10-04,0.0,0.0,0.0,0.1618363638343773
2025-10-05,0.0,0.0,0.0,0.16209368748675224
2025-10-06,0.017294429424654912,0.0021044929886881755,0.05305409919515741,0.17219777325436197
2025-10-07,0.007091447444070091,-0.004830841563629099,-0.04549829949251959,0.18029621936385512
2025-10-08,0.016633994907520277,-0.011966368511402248,0.012847468714676435,0.17892217973036434
2025-10-09,-0.024282758867578195,0.004921564145821536,-0.0072063587131694804,0.18273692517073842
2025-10-10,0.007472669571045818,-0.015303145582070327,-0.05195335338705128,0.19519614035630492
2025-10-11,0.0,0.0,0.0,0.18434665822275967
2025-10-12,0.0,0.0,0.0,0.16959973630882438
2025-10-13,0.03283124863445809,0.023257558942261253,0.052779538485349636,0.1975516869123494
2025-10-14,0.007299414410765657,-0.01931050876857329,-0.01539666493428667,0.20030259529721656
2025-10-15,0.009187545165353398,0.011879604714082873,0.013674604901329141,0.197542173597381
2025-10-16,0.02443046188439831,-0.02366757811491133,-0.014816786729139185,0.19688104563651476
2025-10-17,-0.02132293911227755,-0.0032879967860902693,0.024331310172500658,0.19657204176532195
2025-10-18,0.0,0.0,0.0,0.19417513554208587
2025-10-19,0.0,0.0,0.0,0.19195075619400578
2025-10-20,0.03436764429162454,0.016002362538462916,0.01831477587612344,0.2018817736488843
2025-10-21,-0.059062035540049886,-0.01758314504344863,-0.010853643121685474,0.22116830028473863
2025-10-22,-0.01064926865576389,-0.010081364797520798,-0.008235365016010689,0.2215580953214918
2025-10-23,0.019854040473195667,0.0014610778223279168,0.022547291398770954,0.22514113455965973
2025-10-24,-0.0017225098547725875,0.019833244226501553,-0.03457920037137167,0.2244090586145838
2025-10-25,0.0,0.0,0.0,0.21992182696947424
2025-10-26,0.0,0.0,0.0,0.2129144085145641
2025-10-27,-0.028695490766858036,0.012272896047032276,0.042211814191010485,0.21426701025051642
2025-10-28,-0.008960778782097539,0.003970384142943574,0.01781041931942368,0.2145253401053474
2025-10-29,0.004402578266743398,0.0004911903495446767,0.0020823424117692893,0.21405999409887508
2025-10-30,0.004408297096619672,0.012781704162050012,-0.047501755655160294,0.21618696904888537
2025-10-31,-0.0047849023856938715,0.005414375127758585,0.03671813319553837,0.21791563755231028
2025-11-01,0.0,0.0,0.0,0.2061293246297499
2025-11-02,0.0,0.0,0.0,0.20615026616712082
2025-11-03,0.0045349523774452045,-0.005705277591284932,0.025538450543862383,0.20713269185283695
2025-11-04,-0.013236252040332198,-0.0003233022127777967,-0.052848572813666,0.21800922735966485
2025-11-05,0.008224087134207535,0.0078269420744745,0.039306411995623604,0.21322916373527007
2025-11-06,-0.0001005367923334668,0.005567193357287105,-0.03559926445921521,0.2109572555675519
2025-11-07,0.004887656635851291,0.0025173615416658325,-0.03744886561150212,0.21249423940055023
2025-11-08,0.0,0.0,0.0,0.21082708905324934
2025-11-09,0.0,0.0,0.0,0.20193191199856098
2025-11-10,0.027716515886168476,0.008493168707837489,0.03592274671529928,0.21266789483965412
2025-11-11,-0.0012167524528548244,-0.0040158020202236775,-0.01268032095842644,0.21380102265046208
2025-11-12,0.02348748385555354,0.015062477746664155,-0.020731107188327342,0.18744624232500504
2025-11-13,-0.004170992761122764,-0.03470786289997419,-0.06875241071018368,0.21365635881412287
2025-11-14,-0.024002555332014903,-0.019149644751391817,0.005853666241942873,0.21335797794827976
2025-11-15,0.0,0.0,0.0,0.21311194945815512
2025-11-16,0.0,0.0,0.0,0.21311547386995497
2025-11-17,-0.0047327908648018505,-0.01072887765973243,0.011238716089416035,0.21309871196085295
2025-11-18,-0.0017221023533426794,-0.0032011744385683724,-0.01893489628165649,0.21401271849713607
2025-11-19,0.004029960569867122,0.012809575956063335,0.006805426562391663,0.2034352736238304
2025-11-20,-0.0052125591455094164,-0.016255556250374864,-0.021922199285516537,0.1902764398703632
2025-11-21,0.004967292782076356,-0.0012072942011812215,-0.010530198558583292,0.18865287882799714
2025-11-22,0.0,0.0,0.0,0.18276785972602258
2025-11-23,0.0,0.0,0.0,0.18242805449596564
2025-11-24,0.0037215603622990662,-6.70689362963855e-05,0.0660172720981127,0.19584798594738548
2025-11-25,0.01149319363831883,0.016639290825076328,0.003870128654219355,0.19854357529429997
2025-11-26,0.006261760929431564,0.015197485976364817,0.016974787220379935,0.20053631505696223
2025-11-27,0.0,0.0,0.0,0.20011178494241813
2025-11-28,0.012667816416397979,0.017528436277991024,0.008380619474776033,0.20357701404252834
2025-11-29,0.0,0.0,0.0,0.20125784072434819
2025-11-30,0.0,0.0,0.0,0.19802346660066256
2025-12-01,0.004965958221290471,-0.013376330509283146,-6.97394621241348e-05,0.19819883818318404
2025-12-02,-0.01250914319860585,-0.0033722778222359706,-0.0020945908399217085,0.1989461773535022
2025-12-03,0.0030288262173034956,0.013709706778662668,0.039960567737700375,0.20523784429283368
2025-12-04,0.0029722651693542806,0.01263887081838627,0.017287167308555625,0.19628272464716223
2025-12-05,0.00026116008896670296,-0.0033589937474761897,0.0010335035967348669,0.1893962105168871
2025-12-06,0.0,0.0,0.0,0.18671901518208664
2025-12-07,0.0,0.0,0.0,0.18385975963948162
2025-12-08,-0.006118924040939417,0.0005394153967295573,-0.03447772390855956,0.18865711832670848
2025-12-09,0.0046462393338665645,-0.047757992678378686,0.012636566806914386,0.19131124315786033
2025-12-10,-0.002451547168984526,0.031445919814279806,0.014008389943791177,0.18279154458959912
2025-12-11,0.021010239753042382,0.023172758769688873,-0.010152139695978488,0.184640465433178
2025-12-12,0.003401069596484952,0.0035854949241731376,0.026650529578487583,0.18655882255144118
2025-12-13,0.0,0.0,0.0,0.15063035944115288
2025-12-14,0.0,0.0,0.0,0.14439582672005238
2025-12-15,0.001533693992035725,0.004698199270626122,0.03500417593015653,0.1477808808265646
2025-12-16,-0.0005110078294488002,-0.014066324281270727,0.03019325551468915,0.14764441278642196
2025-12-17,0.009939980130428714,-0.00180801421141024,-0.04727460429487326,0.1544536370508403
2025-12-18,-0.0018418331441386099,-0.006305925462938858,0.03389652701091261,0.15191389493133428
2025-12-19,0.005033950243312225,0.01336074680569683,-0.0044993863680712525,0.15135282102161732
2025-12-20,0.0,0.0,0.0,0.1422232414081901
2025-12-21,0.0,0.0,0.0,0.1415545864911801
2025-12-22,0.018896813791643464,0.018366943148216172,0.015527202757108985,0.14660420176078454
2025-12-23,0.008557909489307347,0.008751690773992515,-0.006507353223946919,0.14604963674584379
2025-12-24,-0.0004908198003828014,0.009891740531221632,-0.0003295782832779731,0.13479086330563408
2025-12-25,0.0,0.0,0.0,0.13359510210394843
2025-12-26,0.010766277995574931,-0.0038351281688196954,-0.02125855152458737,0.13257773787977592
2025-12-27,0.0,0.0,0.0,0.13257773787977592
2025-12-28,0.0,0.0,0.0,0.12933094757835034
2025-12-29,-0.04608798173882948,-0.012767589977834514,-0.03327112293491274,0.16104114473396944
2025-12-30,0.010350630404542907,-0.0010197412309998876,-0.011399736021774638,0.16110512581737144
2025-12-31,-0.010235032825325435,-0.003717338371183504,-0.01041870064110701,0.16302234878947996
2026-01-01,0.0,0.0,0.0,0.16164867429351715
2026-01-02,-0.0025926392560806856,0.010066474864661555,-0.026246437918020935,0.1542386127490573
2026-01-03,0.0,0.0,0.0,0.15104365818039378
2026-01-04,0.0,0.0,0.0,0.15102235753409768
2026-01-05,0.027997669976117596,0.02595977434025691,0.03057312274344065,0.17139488028752742
2026-01-06,0.010158128512449065,0.006205451451893045,-0.04230652917497186,0.17371357185281222
2026-01-07,-0.007367304357957669,-0.023036071235369937,-0.003586402728205757,0.17236975734119092
2026-01-08,8.998553214307117e-05,0.008526554644394597,0.010124471981728842,0.16974210305597645
2026-01-09,0.009082749101682023,-0.001821015081850611,0.02091338126870214,0.1670707234357059
2026-01-10,0.0,0.0,0.0,0.16436132544539353
2026-01-11,0.0,0.0,0.0,0.16145150112249732
2026-01-12,0.025071135876622564,-0.014380410154209796,0.00883700211279967,0.16235707141220754
2026-01-13,-0.003284847544970745,-0.04278339150006894,-0.003927828743923325,0.17004735046769576
2026-01-14,0.008051610829708839,-0.009793697341386864,-0.018051031148363036,0.1661592843652504
2026-01-15,-0.002163894212595402,0.004504778533121887,-0.0014354670972459708,0.16531142036823374
2026-01-16,-0.0060621179774391735,0.010326089850107868,-0.002442745094192464,0.1610785855613019
2026-01-17,0.0,0.0,0.0,0.1589318943094908
2026-01-18,0.0,0.0,0.0,0.15820848984099006
2026-01-19,0.0,0.0,0.0,0.15820848984099006
2026-01-20,0.036632293474919336,-0.031634149397832795,-0.042609305094350874,0.16191668051863894
2026-01-21,0.015055377008505682,-0.0023148318510328816,0.02866105598439217,0.15845859341783525
2026-01-22,0.015810444337397162,0.00525038372445483,0.040695858938020815,0.17010718369278516
2026-01-23,0.013637113842028292,-0.019656419358493746,-0.0006678119583802994,0.1698185965312831
2026-01-24,0.0,0.0,0.0,0.1698185965312831
2026-01-25,0.0,0.0,0.0,0.16940197012874217
2026-01-26,0.02058565637353524,0.011089723077972577,-0.03135078007637361,0.16940562131927162
2026-01-27,3.931395514705028e-05,-0.0024279083313237747,-0.00992969313376057,0.16969659083939237
2026-01-28,0.04271712307880896,0.0015305501934899913,0.0012987560805733547,0.1502812485333471
2026-01-29,0.0031638076649501356,0.018610937176924275,-0.0351442835440217,0.15099856940128173
2026-01-30,-0.1206569177115754,-0.00173114562021238,0.032707748293060876,0.17351303703117787
2026-01-31,0.0,0.0,0.0,0.17351303703117787
2026-02-01,0.0,0.0,0.0,0.1725158994892484
2026-02-02,-0.0195798858862585,0.0073286646031493945,-0.02018328139266714,0.17541794126220342
2026-02-03,0.05905437776175919,0.021542081628341352,0.00035553266889641583,0.19232078037431935
2026-02-04,0.0033997461243729043,0.007656757424701667,-0.038532688670109685,0.1756684051313663
2026-02-05,-0.012063365980342067,-0.022664806575088715,-0.02191272731756527,0.18214748557424792
2026-02-06,0.018303568705588632,0.03870468653113737,0.03439569638292661,0.20068709520504743
2026-02-07,0.0,0.0,0.0,0.19994657236229219
2026-02-08,0.0,0.0,0.0,0.19807428761580517
2026-02-09,0.01993641500519393,-0.0009309164146874089,0.014992548192064116,0.20079196674481897
2026-02-10,-0.009368841148208894,-0.011930580612263656,0.018729813289406216,0.20082033833646765
2026-02-11,0.013458784179660236,-0.023717504622375332,0.007170667714086594,0.19998919042715188
2026-02-12,-0.01774468586986768,0.0,-0.020809453759093276,0.19750561609116976
